,activity_id,nest_id,video_id,behavior,recess_cause,datetime_begin_raw,datetime_end_raw,datetime_begin_corrected,datetime_end_corrected,has_negative_duration,begin_dt,end_dt,duration_min,duration_hr,total_mins,init_median,year,species,fate,fate_day
1,28130,25ejs077,25-EJS077,I-Incubating,NotApplicable,2025-07-09T05:28:14-08:00,2025-07-15T03:34:15-08:00,2025-07-09T05:28:09-08:00,2025-07-15T03:34:20-08:00,FALSE,7/9/2025 5:28,7/15/2025 3:34,8526.183333,142.1030556,15059.85,174.5,2025,KIEI,Destroyed,204
2,27973,24cam058,24-CAM058_1,I-Incubating,NotApplicable,2024-07-11T04:45:02-08:00,2024-07-16T03:26:27-08:00,2024-07-11T04:44:57-08:00,2024-07-16T03:26:32-08:00,FALSE,7/11/2024 4:44,7/16/2024 3:26,7121.583333,118.6930556,27151.16667,176.75,2024,KIEI,Hatched,204
3,27922,24akm020,24-AKM020_1,I-Incubating,NotApplicable,2024-07-05T03:58:25-08:00,2024-07-10T02:33:50-08:00,2024-07-05T03:58:20-08:00,2024-07-10T02:33:55-08:00,FALSE,7/5/2024 3:58,7/10/2024 2:33,7115.583333,118.5930556,30951.53333,170.75,2024,KIEI,Abandoned,198
4,27435,23jls040,23-JLS040_1,I-Incubating,NotApplicable,2023-07-01T10:07:35-08:00,2023-07-06T08:04:29-08:00,2023-07-01T10:07:30-08:00,2023-07-06T08:04:34-08:00,FALSE,7/1/2023 10:07,7/6/2023 8:04,7077.066667,117.9511111,15435.05,165,2023,KIEI,Destroyed,193
5,27267,22jam031,22-JAM031_2,I-Incubating,NotApplicable,2022-07-10T05:38:23-08:00,2022-07-14T10:23:01-08:00,2022-07-10T05:38:18-08:00,2022-07-14T10:23:06-08:00,FALSE,7/10/2022 5:38,7/14/2022 10:23,6044.8,100.7466667,28501.5,177,2022,KIEI,Hatched,202
6,27924,24akm020,24-AKM020_1,I-Incubating,NotApplicable,2024-07-10T02:50:10-08:00,2024-07-14T05:03:38-08:00,2024-07-10T02:50:05-08:00,2024-07-14T05:03:43-08:00,FALSE,7/10/2024 2:50,7/14/2024 5:03,5893.633333,98.22722222,30951.53333,170.75,2024,KIEI,Abandoned,198
7,27271,22jam031,22-JAM031_2,I-Incubating,NotApplicable,2022-07-17T03:58:32-08:00,2022-07-21T06:11:50-08:00,2022-07-17T03:58:27-08:00,2022-07-21T06:11:55-08:00,FALSE,7/17/2022 3:58,7/21/2022 6:11,5893.466667,98.22444444,28501.5,177,2022,KIEI,Hatched,202
8,27547,23kwm086,23-KWM086_1,I-Incubating,NotApplicable,2023-07-02T08:57:16-08:00,2023-07-06T09:12:44-08:00,2023-07-02T08:57:11-08:00,2023-07-06T09:12:49-08:00,FALSE,7/2/2023 8:57,7/6/2023 9:12,5775.633333,96.26055556,15683.11667,164,2023,SPEI,Hatched,194
9,27084,22jam031,22-JAM031_1,I-Incubating,NotApplicable,2022-07-04T08:25:42-08:00,2022-07-08T04:21:20-08:00,2022-07-04T08:25:37-08:00,2022-07-08T04:21:20-08:00,FALSE,7/4/2022 8:25,7/8/2022 4:21,5515.716667,91.92861111,28501.5,177,2022,KIEI,Hatched,202
10,28111,25ejs077,25-EJS077,I-Incubating,NotApplicable,2025-07-05T06:42:37-08:00,2025-07-09T01:46:14-08:00,2025-07-05T06:42:32-08:00,2025-07-09T01:46:19-08:00,FALSE,7/5/2025 6:42,7/9/2025 1:46,5463.783333,91.06305556,15059.85,174.5,2025,KIEI,Destroyed,204
11,27437,23jls040,23-JLS040_1,I-Incubating,NotApplicable,2023-07-06T08:20:59-08:00,2023-07-10T03:06:45-08:00,2023-07-06T08:20:54-08:00,2023-07-10T03:06:50-08:00,FALSE,7/6/2023 8:20,7/10/2023 3:06,5445.933333,90.76555556,15435.05,165,2023,KIEI,Destroyed,193
12,27455,23jan134,23-JAN134_1,I-Incubating,NotApplicable,2023-07-07T08:59:34-08:00,2023-07-11T03:24:22-08:00,2023-07-07T08:59:29-08:00,2023-07-11T03:24:27-08:00,FALSE,7/7/2023 8:59,7/11/2023 3:24,5424.966667,90.41611111,13838.88333,165,NA,NA,NA,NA
13,22625,13crg028,13-CRG028_1,I-Incubating,NotApplicable,2013-07-04T07:15:45-08:00,2013-07-07T23:35:15-08:00,2013-07-04T07:17:20-08:00,2013-07-07T23:37:05-08:00,FALSE,7/4/2013 7:17,7/7/2013 23:37,5299.75,88.32916667,6920.366667,162,2013,SPEI,Hatched,189
14,27947,24akm052,24-AKM052_1,I-Incubating,NotApplicable,2024-07-04T07:18:44-08:00,2024-07-07T18:56:02-08:00,2024-07-04T07:18:39-08:00,2024-07-07T18:56:07-08:00,FALSE,7/4/2024 7:18,7/7/2024 18:56,5017.466667,83.62444444,16032.36667,166,2024,SPEI,Hatched,196
15,25967,19cht010,19-CHT010_2,I-Incubating,NotApplicable,2019-06-27T12:52:26-08:00,2019-06-30T23:11:04-08:00,2019-06-27T12:52:21-08:00,2019-06-30T23:11:09-08:00,FALSE,6/27/2019 12:52,6/30/2019 23:11,4938.8,82.31333333,20017.1,161.8333333,2019,KIEI,Hatched,190
16,27735,23drs084,23-DRS084_1,I-Incubating,NotApplicable,2023-07-09T07:39:03-08:00,2023-07-12T13:12:14-08:00,2023-07-09T07:38:58-08:00,2023-07-12T13:12:19-08:00,FALSE,7/9/2023 7:38,7/12/2023 13:12,4653.35,77.55583333,13204.03333,167,2023,SPEI,Hatched,194
17,27763,23drs086,23-DRS086_1,I-Incubating,NotApplicable,2023-07-04T05:15:36-08:00,2023-07-07T09:16:37-08:00,2023-07-04T05:15:31-08:00,2023-07-07T09:16:42-08:00,FALSE,7/4/2023 5:15,7/7/2023 9:16,4561.183333,76.01972222,9641.316667,165,2023,KIEI,Hatched,192
18,27507,23hec144,23-HEC144_1,I-Incubating,NotApplicable,2023-07-02T03:42:36-08:00,2023-07-05T07:42:17-08:00,2023-07-02T03:42:31-08:00,2023-07-05T07:42:22-08:00,FALSE,7/2/2023 3:42,7/5/2023 7:42,4559.85,75.9975,16440.78333,170,2023,KIEI,Destroyed,194
19,27965,24cam058,24-CAM058_1,I-Incubating,NotApplicable,2024-07-05T04:23:42-08:00,2024-07-08T07:04:12-08:00,2024-07-05T04:23:37-08:00,2024-07-08T07:04:17-08:00,FALSE,7/5/2024 4:23,7/8/2024 7:04,4480.666667,74.67777778,27151.16667,176.75,2024,KIEI,Hatched,204
20,27556,23kwm086,23-KWM086_1,I-Incubating,NotApplicable,2023-07-08T08:35:48-08:00,2023-07-11T09:39:29-08:00,2023-07-08T08:35:43-08:00,2023-07-11T09:39:34-08:00,FALSE,7/8/2023 8:35,7/11/2023 9:39,4383.85,73.06416667,15683.11667,164,2023,SPEI,Hatched,194
21,22464,12keo001,12-KEO001_1,I-Incubating,NotApplicable,2012-06-22T06:30:15-08:00,2012-06-25T07:09:45-08:00,2012-06-22T06:39:43-08:00,2012-06-25T07:19:28-08:00,FALSE,6/22/2012 6:39,6/25/2012 7:19,4359.75,72.6625,26854.13333,166.5,2012,SPEI,Hatched,192
22,27089,22nrg021,22-NRG021_1,I-Incubating,NotApplicable,2022-07-10T04:10:50-08:00,2022-07-13T04:45:11-08:00,2022-07-10T04:10:45-08:00,2022-07-13T04:45:16-08:00,FALSE,7/10/2022 4:10,7/13/2022 4:45,4354.516667,72.57527778,17036.45,175,2022,SPEI,Hatched,201
23,25056,14eeu038,14-EEU038_1,I-Incubating,NotApplicable,1999-12-31T15:13:56-09:00,2000-01-03T14:38:11-09:00,2014-07-05T11:23:23-08:00,2014-07-08T10:47:53-08:00,FALSE,7/5/2014 11:23,7/8/2014 10:47,4284.5,71.40833333,18581,169.875,2014,KIEI,Hatched,2
24,25204,14mwm015,14-MWM015_1,I-Incubating,NotApplicable,2014-07-05T02:54:30-08:00,2014-07-08T01:42:30-08:00,2014-07-05T05:55:07-08:00,2014-07-08T04:43:22-08:00,FALSE,7/5/2014 5:55,7/8/2014 4:43,4248.25,70.80416667,12819.11667,168,2014,SPEI,Hatched,193
25,25538,14mwm054,14-MWM054_2,I-Incubating,NotApplicable,2014-07-05T07:04:36-08:00,2014-07-08T05:52:21-08:00,2014-07-05T10:50:00-08:00,2014-07-08T09:37:52-08:00,FALSE,7/5/2014 10:50,7/8/2014 9:37,4247.866667,70.79777778,12692.25,166.5833333,2014,KIEI,Hatched,191
26,27467,23jan116,23-JAN116_1,I-Incubating,NotApplicable,2023-07-06T08:52:48-08:00,2023-07-09T06:48:38-08:00,2023-07-06T08:52:43-08:00,2023-07-09T06:48:43-08:00,FALSE,7/6/2023 8:52,7/9/2023 6:48,4196,69.93333333,8844.333333,164,NA,NA,NA,NA
27,21483,11est009,11-EST009_3,I-Incubating,NotApplicable,2011-07-02T06:41:05-08:00,2011-07-05T04:35:20-08:00,2011-07-02T06:58:17-08:00,2011-07-05T04:52:47-08:00,FALSE,7/2/2011 6:58,7/5/2011 4:52,4194.5,69.90833333,21401,164.0833333,2011,KIEI,Hatched,193
28,27451,23jan134,23-JAN134_1,I-Incubating,NotApplicable,2023-07-03T07:10:26-08:00,2023-07-06T04:36:57-08:00,2023-07-03T07:10:21-08:00,2023-07-06T04:37:02-08:00,FALSE,7/3/2023 7:10,7/6/2023 4:37,4166.683333,69.44472222,13838.88333,165,NA,NA,NA,NA
29,25362,13deg044,13-DEG044_1,I-Incubating,NotApplicable,2013-07-02T13:26:22-08:00,2013-07-05T10:22:37-08:00,2013-07-02T15:09:38-08:00,2013-07-05T12:06:00-08:00,FALSE,7/2/2013 15:09,7/5/2013 12:06,4136.366667,68.93944444,13552.61667,167,2013,KIEI,Hatched,193
30,26243,19noc017,19-NOC017_1,I-Incubating,NotApplicable,2019-06-26T09:33:21-08:00,2019-06-29T06:25:41-08:00,2019-06-26T09:33:16-08:00,2019-06-29T06:25:46-08:00,FALSE,6/26/2019 9:33,6/29/2019 6:25,4132.5,68.875,18492.61667,162,2019,SPEI,Hatched,189
31,27072,22esw041,22-ESW041_1,I-Incubating,NotApplicable,2022-07-05T07:54:03-08:00,2022-07-08T04:31:24-08:00,2022-07-05T07:53:58-08:00,2022-07-08T04:31:29-08:00,FALSE,7/5/2022 7:53,7/8/2022 4:31,4117.516667,68.62527778,23844.31667,172.5,2022,KIEI,Destroyed,199
32,25955,11est009,11-EST009_2,I-Incubating,NotApplicable,2011-06-27T09:17:20-08:00,2011-06-30T05:41:35-08:00,2011-06-27T09:34:32-08:00,2011-06-30T05:59:02-08:00,FALSE,6/27/2011 9:34,6/30/2011 5:59,4104.5,68.40833333,21401,164.0833333,2011,KIEI,Hatched,193
33,27257,22nrg021,22-NRG021_2,I-Incubating,NotApplicable,2022-07-17T06:17:37-08:00,2022-07-20T01:55:48-08:00,2022-07-17T06:17:32-08:00,2022-07-20T01:55:53-08:00,FALSE,7/17/2022 6:17,7/20/2022 1:55,4058.35,67.63916667,17036.45,175,2022,SPEI,Hatched,201
34,27236,22esw041,22-ESW041_2,I-Incubating,NotApplicable,2022-07-14T11:57:27-08:00,2022-07-17T04:21:28-08:00,2022-07-14T11:57:22-08:00,2022-07-17T04:21:33-08:00,FALSE,7/14/2022 11:57,7/17/2022 4:21,3864.183333,64.40305556,23844.31667,172.5,2022,KIEI,Destroyed,199
35,27269,22jam031,22-JAM031_2,I-Incubating,NotApplicable,2022-07-14T10:36:21-08:00,2022-07-17T02:52:22-08:00,2022-07-14T10:36:16-08:00,2022-07-17T02:52:27-08:00,FALSE,7/14/2022 10:36,7/17/2022 2:52,3856.183333,64.26972222,28501.5,177,2022,KIEI,Hatched,202
37,28153,25cbp038,25-CBP038,I-Incubating,NotApplicable,2025-07-15T11:17:08-08:00,2025-07-18T01:53:49-08:00,2025-07-15T11:17:03-08:00,2025-07-18T01:53:54-08:00,FALSE,7/15/2025 11:17,7/18/2025 1:53,3756.85,62.61416667,17082.13333,175,2025,KIEI,Hatched,201
39,22524,13deg044,13-DEG044_3,I-Incubating,NotApplicable,2013-07-09T07:02:10-08:00,2013-07-11T20:56:40-08:00,2013-07-09T08:45:17-08:00,2013-07-11T22:40:02-08:00,FALSE,7/9/2013 8:45,7/11/2013 22:40,3714.75,61.9125,13552.61667,167,2013,KIEI,Hatched,193
40,28055,24jan109,24-JAN109_1,I-Incubating,NotApplicable,2024-07-13T02:23:25-08:00,2024-07-15T13:17:19-08:00,2024-07-13T02:23:20-08:00,2024-07-15T13:17:24-08:00,FALSE,7/13/2024 2:23,7/15/2024 13:17,3534.066667,58.90111111,17687.83333,169,NA,NA,NA,NA
41,22527,13deg047,13-DEG047_1,I-Incubating,NotApplicable,2013-07-11T02:27:56-08:00,2013-07-13T13:14:56-08:00,2013-07-11T06:07:29-08:00,2013-07-13T16:54:44-08:00,FALSE,7/11/2013 6:07,7/13/2013 16:54,3527.25,58.7875,5180.866667,168.5,2013,KIEI,Hatched,195
42,25261,19noc018,19-NOC018_1,I-Incubating,NotApplicable,2019-07-04T05:11:41-08:00,2019-07-06T15:39:34-08:00,2019-07-04T05:06:27-08:00,2019-07-06T15:34:30-08:00,FALSE,7/4/2019 5:06,7/6/2019 15:34,3508.05,58.4675,7363.066667,162.75,2019,KIEI,Abandoned,189
43,22304,12mtw040,12-MTW040_1,I-Incubating,NotApplicable,2012-07-02T09:15:10-08:00,2012-07-04T17:56:55-08:00,2012-07-02T09:25:47-08:00,2012-07-04T18:07:47-08:00,FALSE,7/2/2012 9:25,7/4/2012 18:07,3402,56.7,15731.5,160,2012,KIEI,Hatched,194
44,23005,15qmb003,15-QMB003_1,I-Incubating,NotApplicable,2015-07-01T13:04:15-08:00,2015-07-03T20:03:15-08:00,2015-07-01T12:50:07-08:00,2015-07-03T19:49:22-08:00,FALSE,7/1/2015 12:50,7/3/2015 19:49,3299.25,54.9875,5646.616667,158.5,2015,SPEI,Hatched,185
45,27491,23jan038,23-JAN038_1,I-Incubating,NotApplicable,2023-06-29T06:23:37-08:00,2023-07-01T11:03:22-08:00,2023-06-29T06:23:32-08:00,2023-07-01T11:03:27-08:00,FALSE,6/29/2023 6:23,7/1/2023 11:03,3159.916667,52.66527778,7039.55,169,NA,NA,NA,NA
46,25315,12rrg007,12-RRG007_1,I-Incubating,NotApplicable,2012-06-25T22:41:13-08:00,2012-06-28T02:41:28-08:00,2012-06-26T00:15:02-08:00,2012-06-28T04:15:32-08:00,FALSE,6/26/2012 0:15,6/28/2012 4:15,3120.5,52.00833333,22670.11667,166,2012,SPEI,Hatched,192
47,27583,23drs009,23-DRS009_1,I-Incubating,NotApplicable,2013-01-17T18:31:30-09:00,2013-01-19T22:18:03-09:00,2023-06-22T22:23:31-08:00,2023-06-25T02:10:14-08:00,FALSE,6/22/2023 22:23,6/25/2023 2:10,3106.716667,51.77861111,16368.86667,NA,166,Pair Survey,22,NA
48,27727,23drs084,23-DRS084_1,I-Incubating,NotApplicable,2023-07-04T05:04:39-08:00,2023-07-06T08:36:13-08:00,2023-07-04T05:04:34-08:00,2023-07-06T08:36:18-08:00,FALSE,7/4/2023 5:04,7/6/2023 8:36,3091.733333,51.52888889,13204.03333,167,2023,SPEI,Hatched,194
49,25959,11est009,11-EST009_4,I-Incubating,NotApplicable,2011-07-07T02:05:13-08:00,2011-07-09T05:08:28-08:00,2011-07-07T02:22:33-08:00,2011-07-09T05:25:48-08:00,FALSE,7/7/2011 2:22,7/9/2011 5:25,3063.25,51.05416667,21401,164.0833333,2011,KIEI,Hatched,193
52,27902,24akm020,24-AKM020_1,I-Incubating,NotApplicable,2024-06-27T02:45:19-08:00,2024-06-29T05:28:33-08:00,2024-06-27T02:45:14-08:00,2024-06-29T05:28:38-08:00,FALSE,6/27/2024 2:45,6/29/2024 5:28,3043.4,50.72333333,30951.53333,170.75,2024,KIEI,Abandoned,198
54,27898,24akm020,24-AKM020_1,I-Incubating,NotApplicable,2024-06-24T05:47:49-08:00,2024-06-26T08:14:33-08:00,2024-06-24T05:47:44-08:00,2024-06-26T08:14:38-08:00,FALSE,6/24/2024 5:47,6/26/2024 8:14,3026.9,50.44833333,30951.53333,170.75,2024,KIEI,Abandoned,198
55,25363,13deg044,13-DEG044_2,I-Incubating,NotApplicable,2013-07-07T04:01:45-08:00,2013-07-09T06:15:00-08:00,2013-07-07T05:45:01-08:00,2013-07-09T07:58:16-08:00,FALSE,7/7/2013 5:45,7/9/2013 7:58,3013.25,50.22083333,13552.61667,167,2013,KIEI,Hatched,193
56,28143,25cbp038,25-CBP038,I-Incubating,NotApplicable,2025-07-13T04:33:34-08:00,2025-07-15T06:44:48-08:00,2025-07-13T04:33:29-08:00,2025-07-15T06:44:53-08:00,FALSE,7/13/2025 4:33,7/15/2025 6:44,3011.4,50.19,17082.13333,175,2025,KIEI,Hatched,201
57,25194,14mtw053,14-MTW053_4,I-Incubating,NotApplicable,2014-07-12T11:29:30-08:00,2014-07-14T13:27:00-08:00,2014-07-12T11:29:22-08:00,2014-07-14T13:27:07-08:00,FALSE,7/12/2014 11:29,7/14/2014 13:27,2997.75,49.9625,13902.11667,167.8958333,2014,SPEI,Hatched,196
58,22489,12jjn009,12-JJN009_4,I-Incubating,NotApplicable,2012-07-07T04:44:55-08:00,2012-07-09T06:41:25-08:00,2012-07-07T07:44:37-08:00,2012-07-09T09:41:22-08:00,FALSE,7/7/2012 7:44,7/9/2012 9:41,2996.75,49.94583333,27402.53333,167,2012,SPEI,Hatched,192
59,21893,11ncs003,11-NCS003_1,I-Incubating,NotApplicable,2011-06-21T08:25:30-08:00,2011-06-23T10:08:00-08:00,2011-06-22T08:30:38-08:00,2011-06-24T10:13:23-08:00,FALSE,6/22/2011 8:30,6/24/2011 10:13,2982.75,49.7125,29128.36667,163,2011,SPEI,Hatched,191
60,28131,25cbp040,25-CBP040,I-Incubating,NotApplicable,2025-07-09T05:55:15-08:00,2025-07-11T07:14:39-08:00,2025-07-09T05:55:10-08:00,2025-07-11T07:14:44-08:00,FALSE,7/9/2025 5:55,7/11/2025 7:14,2959.566667,49.32611111,5258.55,180,2025,KIEI,Destroyed,195
61,27904,24akm020,24-AKM020_1,I-Incubating,NotApplicable,2024-06-29T05:45:23-08:00,2024-07-01T06:42:57-08:00,2024-06-29T05:45:18-08:00,2024-07-01T06:43:02-08:00,FALSE,6/29/2024 5:45,7/1/2024 6:43,2937.733333,48.96222222,30951.53333,170.75,2024,KIEI,Abandoned,198
62,27067,22esw041,22-ESW041_1,I-Incubating,NotApplicable,2022-07-02T06:56:03-08:00,2022-07-04T07:51:37-08:00,2022-07-02T06:55:58-08:00,2022-07-04T07:51:42-08:00,FALSE,7/2/2022 6:55,7/4/2022 7:51,2935.733333,48.92888889,23844.31667,172.5,2022,KIEI,Destroyed,199
63,22720,15ery012,15-ERY012_1,I-Incubating,NotApplicable,2015-06-28T10:03:45-08:00,2015-06-30T10:51:08-08:00,2015-06-28T10:03:37-08:00,2015-06-30T10:51:08-08:00,FALSE,6/28/2015 10:03,6/30/2015 10:51,2927.516667,48.79194444,16776.75,166,2015,SPEI,Hatched,191
64,27577,23drs009,23-DRS009_1,I-Incubating,NotApplicable,2013-01-14T20:24:29-09:00,2013-01-16T21:11:03-09:00,2023-06-20T00:16:30-08:00,2023-06-22T01:03:14-08:00,FALSE,6/20/2023 0:16,6/22/2023 1:03,2926.733333,48.77888889,16368.86667,NA,166,Pair Survey,22,NA
65,22306,12mtw040,12-MTW040_2,I-Incubating,NotApplicable,2012-07-06T22:32:18-08:00,2012-07-08T23:17:03-08:00,2012-07-06T22:54:55-08:00,2012-07-08T23:39:55-08:00,FALSE,7/6/2012 22:54,7/8/2012 23:39,2925,48.75,15731.5,160,2012,KIEI,Hatched,194
66,27967,24cam058,24-CAM058_1,I-Incubating,NotApplicable,2024-07-08T07:13:22-08:00,2024-07-10T07:54:45-08:00,2024-07-08T07:13:17-08:00,2024-07-10T07:54:50-08:00,FALSE,7/8/2024 7:13,7/10/2024 7:54,2921.55,48.6925,27151.16667,176.75,2024,KIEI,Hatched,204
67,27782,23drs087,23-DRS087_1,I-Incubating,NotApplicable,2023-07-09T02:46:22-08:00,2023-07-11T03:25:56-08:00,2023-07-09T02:46:17-08:00,2023-07-11T03:26:01-08:00,FALSE,7/9/2023 2:46,7/11/2023 3:26,2919.733333,48.66222222,11932.53333,164,2023,SPEI,Hatched,193
68,25186,14mtw053,14-MTW053_3,I-Incubating,NotApplicable,2014-07-07T04:36:45-08:00,2014-07-09T05:15:00-08:00,2014-07-07T04:36:37-08:00,2014-07-09T05:15:07-08:00,FALSE,7/7/2014 4:36,7/9/2014 5:15,2918.5,48.64166667,13902.11667,167.8958333,2014,SPEI,Hatched,196
69,26228,19cht036,19-CHT036_1,I-Incubating,NotApplicable,2019-07-06T06:01:25-08:00,2019-07-08T06:37:29-08:00,2019-07-06T06:04:49-08:00,2019-07-08T06:41:03-08:00,FALSE,7/6/2019 6:04,7/8/2019 6:41,2916.233333,48.60388889,8171.966667,162.5416667,2019,SPEI,Hatched,189
71,27265,22jam031,22-JAM031_2,I-Incubating,NotApplicable,2022-07-08T04:57:59-08:00,2022-07-10T05:18:13-08:00,2022-07-08T04:57:54-08:00,2022-07-10T05:18:18-08:00,FALSE,7/8/2022 4:57,7/10/2022 5:18,2900.4,48.34,28501.5,177,2022,KIEI,Hatched,202
72,22721,15ery012,15-ERY012_2,I-Incubating,NotApplicable,2015-07-01T09:07:45-08:00,2015-07-03T09:26:45-08:00,2015-07-01T09:07:37-08:00,2015-07-03T09:26:52-08:00,FALSE,7/1/2015 9:07,7/3/2015 9:26,2899.25,48.32083333,16776.75,166,2015,SPEI,Hatched,191
73,22518,13deg023,13-DEG023_1,I-Incubating,NotApplicable,2013-07-04T02:49:30-08:00,2013-07-06T03:05:15-08:00,2013-07-04T02:31:34-08:00,2013-07-06T02:47:34-08:00,FALSE,7/4/2013 2:31,7/6/2013 2:47,2896,48.26666667,8190.366667,161.5,2013,KIEI,Hatched,190
74,27575,23drs009,23-DRS009_1,I-Incubating,NotApplicable,2013-01-12T19:52:55-09:00,2013-01-14T20:01:39-09:00,2023-06-17T23:44:56-08:00,2023-06-19T23:53:50-08:00,FALSE,6/17/2023 23:44,6/19/2023 23:53,2888.9,48.14833333,16368.86667,NA,166,Pair Survey,22,NA
75,27996,24jan015,24-JAN015_1,I-Incubating,NotApplicable,2024-06-22T08:10:48-08:00,2024-06-24T08:18:21-08:00,2024-06-22T08:10:43-08:00,2024-06-24T08:18:26-08:00,FALSE,6/22/2024 8:10,6/24/2024 8:18,2887.716667,48.12861111,10933.5,169,NA,NA,NA,NA
76,28039,24jan109,24-JAN109_1,I-Incubating,NotApplicable,2024-07-04T05:50:52-08:00,2024-07-06T05:55:56-08:00,2024-07-04T05:50:47-08:00,2024-07-06T05:56:01-08:00,FALSE,7/4/2024 5:50,7/6/2024 5:56,2885.233333,48.08722222,17687.83333,169,NA,NA,NA,NA
77,26303,19nrg046,19-NRG046_2,I-Incubating,NotApplicable,2019-07-03T07:50:02-08:00,2019-07-05T07:39:56-08:00,2019-07-03T07:54:06-08:00,2019-07-05T07:44:10-08:00,FALSE,7/3/2019 7:54,7/5/2019 7:44,2870.066667,47.83444444,19656.41667,163.5,2019,SPEI,Hatched,190
78,27509,23hec144,23-HEC144_1,I-Incubating,NotApplicable,2023-07-05T07:52:47-08:00,2023-07-07T07:19:11-08:00,2023-07-05T07:52:42-08:00,2023-07-07T07:19:16-08:00,FALSE,7/5/2023 7:52,7/7/2023 7:19,2846.566667,47.44277778,16440.78333,170,2023,KIEI,Destroyed,194
79,27998,24jan015,24-JAN015_1,I-Incubating,NotApplicable,2024-06-24T08:37:21-08:00,2024-06-26T07:55:05-08:00,2024-06-24T08:37:16-08:00,2024-06-26T07:55:10-08:00,FALSE,6/24/2024 8:37,6/26/2024 7:55,2837.9,47.29833333,10933.5,169,NA,NA,NA,NA
80,22495,12jjn017,12-JJN017_1,I-Incubating,NotApplicable,2012-06-23T12:25:15-08:00,2012-06-25T11:41:30-08:00,2012-06-24T10:51:28-08:00,2012-06-26T10:07:58-08:00,FALSE,6/24/2012 10:51,6/26/2012 10:07,2836.5,47.275,5417.366667,NA,2012,SPEI,Destroyed,178
81,23081,16fox002,16-FOX002_1,I-Incubating,NotApplicable,2016-06-17T09:23:00-08:00,2016-06-19T08:37:30-08:00,2016-06-17T09:19:11-08:00,2016-06-19T08:33:56-08:00,FALSE,6/17/2016 9:19,6/19/2016 8:33,2834.75,47.24583333,24531.36667,156,2016,KIEI,Hatched,186
82,22723,15ery012,15-ERY012_2,I-Incubating,NotApplicable,2015-07-04T07:35:45-08:00,2015-07-06T06:39:15-08:00,2015-07-04T07:35:37-08:00,2015-07-06T06:39:22-08:00,FALSE,7/4/2015 7:35,7/6/2015 6:39,2823.75,47.0625,16776.75,166,2015,SPEI,Hatched,191
83,22506,12rrg007,12-RRG007_2,I-Incubating,NotApplicable,2012-07-01T06:44:10-08:00,2012-07-03T05:40:10-08:00,2012-07-01T07:09:51-08:00,2012-07-03T06:06:06-08:00,FALSE,7/1/2012 7:09,7/3/2012 6:06,2816.25,46.9375,22670.11667,166,2012,SPEI,Hatched,192
84,21474,11des015,11-DES015_3,I-Incubating,NotApplicable,2011-07-07T08:11:13-08:00,2011-07-09T06:58:13-08:00,2011-07-07T08:38:46-08:00,2011-07-09T07:26:01-08:00,FALSE,7/7/2011 8:38,7/9/2011 7:26,2807.25,46.7875,23068.58333,167,2011,KIEI,Hatched,194
85,27674,23agc030,23-AGC030_1,I-Incubating,NotApplicable,2023-07-05T06:02:57-08:00,2023-07-07T04:33:31-08:00,2023-07-05T06:02:52-08:00,2023-07-07T04:33:36-08:00,FALSE,7/5/2023 6:02,7/7/2023 4:33,2790.733333,46.51222222,13815.63333,166,2023,SPEI,Destroyed,189
86,27232,22esw041,22-ESW041_2,I-Incubating,NotApplicable,2022-07-11T12:17:56-08:00,2022-07-13T10:47:10-08:00,2022-07-11T12:17:51-08:00,2022-07-13T10:47:15-08:00,FALSE,7/11/2022 12:17,7/13/2022 10:47,2789.4,46.49,23844.31667,172.5,2022,KIEI,Destroyed,199
87,26286,19nrg046,19-NRG046_1,I-Incubating,NotApplicable,2019-06-26T07:55:21-08:00,2019-06-28T06:23:25-08:00,2019-06-26T07:59:25-08:00,2019-06-28T06:27:39-08:00,FALSE,6/26/2019 7:59,6/28/2019 6:27,2788.233333,46.47055556,19656.41667,163.5,2019,SPEI,Hatched,190
88,25965,19cht010,19-CHT010_2,I-Incubating,NotApplicable,2019-06-25T14:06:01-08:00,2019-06-27T12:33:46-08:00,2019-06-25T14:06:01-08:00,2019-06-27T12:33:51-08:00,FALSE,6/25/2019 14:06,6/27/2019 12:33,2787.833333,46.46388889,20017.1,161.8333333,2019,KIEI,Hatched,190
89,28088,24mle091,24-MLE091_1,I-Incubating,NotApplicable,2024-07-08T09:27:58-08:00,2024-07-10T07:45:22-08:00,2024-07-08T09:27:53-08:00,2024-07-10T07:45:27-08:00,FALSE,7/8/2024 9:27,7/10/2024 7:45,2777.566667,46.29277778,20237.86667,167.75,2024,SPEI,Hatched,197
90,26245,19noc017,19-NOC017_1,I-Incubating,NotApplicable,2019-06-29T06:26:41-08:00,2019-07-01T04:40:35-08:00,2019-06-29T06:26:36-08:00,2019-07-01T04:40:40-08:00,FALSE,6/29/2019 6:26,7/1/2019 4:40,2774.066667,46.23444444,18492.61667,162,2019,SPEI,Hatched,189
91,27963,24cam058,24-CAM058_1,I-Incubating,NotApplicable,2024-07-03T06:15:37-08:00,2024-07-05T04:17:32-08:00,2024-07-03T06:15:37-08:00,2024-07-05T04:17:37-08:00,FALSE,7/3/2024 6:15,7/5/2024 4:17,2762,46.03333333,27151.16667,176.75,2024,KIEI,Hatched,204
92,25057,14eeu038,14-EEU038_1,I-Incubating,NotApplicable,2000-01-03T14:46:11-09:00,2000-01-05T12:46:11-09:00,2014-07-08T10:55:38-08:00,2014-07-10T08:55:53-08:00,FALSE,7/8/2014 10:55,7/10/2014 8:55,2760.25,46.00416667,18581,169.875,2014,KIEI,Hatched,2
93,25177,14smh016,14-SMH016_1,I-Incubating,NotApplicable,2014-07-07T04:44:20-08:00,2014-07-09T02:40:50-08:00,2014-07-07T06:42:09-08:00,2014-07-09T04:38:54-08:00,FALSE,7/7/2014 6:42,7/9/2014 4:38,2756.75,45.94583333,12564.25,167.875,2014,KIEI,Hatched,195
94,22478,12jjn009,12-JJN009_1,I-Incubating,NotApplicable,2012-06-21T10:23:44-08:00,2012-06-23T08:14:29-08:00,2012-06-21T10:36:33-08:00,2012-06-23T08:27:33-08:00,FALSE,6/21/2012 10:36,6/23/2012 8:27,2751,45.85,27402.53333,167,2012,SPEI,Hatched,192
95,28043,24jan109,24-JAN109_1,I-Incubating,NotApplicable,2024-07-08T04:05:40-08:00,2024-07-10T01:50:14-08:00,2024-07-08T04:05:35-08:00,2024-07-10T01:50:19-08:00,FALSE,7/8/2024 4:05,7/10/2024 1:50,2744.733333,45.74555556,17687.83333,169,NA,NA,NA,NA
96,28041,24jan109,24-JAN109_1,I-Incubating,NotApplicable,2024-07-06T06:15:56-08:00,2024-07-08T03:39:30-08:00,2024-07-06T06:15:51-08:00,2024-07-08T03:39:35-08:00,FALSE,7/6/2024 6:15,7/8/2024 3:39,2723.733333,45.39555556,17687.83333,169,NA,NA,NA,NA
97,28102,24mle091,24-MLE091_1,I-Incubating,NotApplicable,2024-07-13T10:14:33-08:00,2024-07-15T07:35:07-08:00,2024-07-13T10:14:28-08:00,2024-07-15T07:35:12-08:00,FALSE,7/13/2024 10:14,7/15/2024 7:35,2720.733333,45.34555556,20237.86667,167.75,2024,SPEI,Hatched,197
98,27697,23agc031,23-AGC031_1,I-Incubating,NotApplicable,2023-07-01T10:09:50-08:00,2023-07-03T07:17:04-08:00,2023-07-01T10:09:45-08:00,2023-07-03T07:17:09-08:00,FALSE,7/1/2023 10:09,7/3/2023 7:17,2707.4,45.12333333,15377.36667,165.5,2023,SPEI,Destroyed,190
99,25064,14eeu038,14-EEU038_2,I-Incubating,NotApplicable,2000-01-04T19:33:26-09:00,2000-01-06T16:32:11-09:00,2014-07-15T08:55:37-08:00,2014-07-17T05:54:37-08:00,FALSE,7/15/2014 8:55,7/17/2014 5:54,2699,44.98333333,18581,169.875,2014,KIEI,Hatched,2
100,27765,23drs086,23-DRS086_1,I-Incubating,NotApplicable,2023-07-07T09:25:57-08:00,2023-07-09T06:15:11-08:00,2023-07-07T09:25:52-08:00,2023-07-09T06:15:16-08:00,FALSE,7/7/2023 9:25,7/9/2023 6:15,2689.4,44.82333333,9641.316667,165,2023,KIEI,Hatched,192
101,22510,12rrg007,12-RRG007_3,I-Incubating,NotApplicable,2012-07-06T07:04:25-08:00,2012-07-08T03:36:10-08:00,2012-07-06T09:09:06-08:00,2012-07-08T05:41:06-08:00,FALSE,7/6/2012 9:09,7/8/2012 5:41,2672,44.53333333,22670.11667,166,2012,SPEI,Hatched,192
103,27955,24akm052,24-AKM052_1,I-Incubating,NotApplicable,2024-07-10T06:54:26-08:00,2024-07-12T03:22:10-08:00,2024-07-10T06:54:21-08:00,2024-07-12T03:22:15-08:00,FALSE,7/10/2024 6:54,7/12/2024 3:22,2667.9,44.465,16032.36667,166,2024,SPEI,Hatched,196
104,26288,19nrg046,19-NRG046_1,I-Incubating,NotApplicable,2019-06-28T07:47:05-08:00,2019-06-30T03:48:59-08:00,2019-06-28T07:51:09-08:00,2019-06-30T03:53:13-08:00,FALSE,6/28/2019 7:51,6/30/2019 3:53,2642.066667,44.03444444,19656.41667,163.5,2019,SPEI,Hatched,190
105,27953,24akm052,24-AKM052_1,I-Incubating,NotApplicable,2024-07-08T10:36:02-08:00,2024-07-10T06:37:16-08:00,2024-07-08T10:35:57-08:00,2024-07-10T06:37:21-08:00,FALSE,7/8/2024 10:35,7/10/2024 6:37,2641.4,44.02333333,16032.36667,166,2024,SPEI,Hatched,196
106,23082,16fox002,16-FOX002_1,I-Incubating,NotApplicable,2016-06-19T08:56:30-08:00,2016-06-21T04:55:30-08:00,2016-06-19T08:52:41-08:00,2016-06-21T04:51:56-08:00,FALSE,6/19/2016 8:52,6/21/2016 4:51,2639.25,43.9875,24531.36667,156,2016,KIEI,Hatched,186
107,25290,12keo001,12-KEO001_2,I-Incubating,NotApplicable,2012-06-25T14:17:00-08:00,2012-06-27T10:06:00-08:00,2012-06-26T09:26:00-08:00,2012-06-28T05:15:07-08:00,FALSE,6/26/2012 9:26,6/28/2012 5:15,2629.116667,43.81861111,26854.13333,166.5,2012,SPEI,Hatched,192
108,23041,16dcb032,16-DCB032_1,I-Incubating,NotApplicable,2016-06-29T08:17:44-08:00,2016-07-01T03:55:09-08:00,2016-06-29T08:06:05-08:00,2016-07-01T03:43:35-08:00,FALSE,6/29/2016 8:06,7/1/2016 3:43,2617.5,43.625,3499.95,171.2083333,2016,KIEI,Destroyed,184
109,21488,11est009,11-EST009_5,I-Incubating,NotApplicable,2011-07-10T02:41:14-08:00,2011-07-11T22:17:29-08:00,2011-07-10T02:58:26-08:00,2011-07-11T22:34:56-08:00,FALSE,7/10/2011 2:58,7/11/2011 22:34,2616.5,43.60833333,21401,164.0833333,2011,KIEI,Hatched,193
110,23048,16dlc007,16-DLC007_1,I-Incubating,NotApplicable,2016-06-25T09:51:15-08:00,2016-06-27T05:26:30-08:00,2016-06-25T09:51:07-08:00,2016-06-27T05:26:37-08:00,FALSE,6/25/2016 9:51,6/27/2016 5:26,2615.5,43.59166667,15960.63333,173,2016,SPEI,Destroyed,186
112,25263,19noc018,19-NOC018_1,I-Incubating,NotApplicable,2019-07-06T15:57:44-08:00,2019-07-08T11:06:28-08:00,2019-07-06T15:52:30-08:00,2019-07-08T11:01:24-08:00,FALSE,7/6/2019 15:52,7/8/2019 11:01,2588.9,43.14833333,7363.066667,162.75,2019,KIEI,Abandoned,189
113,23021,15sot010,15-SOT010_1,I-Incubating,NotApplicable,2015-07-01T10:41:15-08:00,2015-07-03T05:40:00-08:00,2015-07-01T10:41:07-08:00,2015-07-03T05:40:07-08:00,FALSE,7/1/2015 10:41,7/3/2015 5:40,2579,42.98333333,10171.61667,164,2015,SPEI,Hatched,190
114,28137,25cbp038,25-CBP038,I-Incubating,NotApplicable,2025-07-11T09:29:40-08:00,2025-07-13T04:09:34-08:00,2025-07-11T09:29:35-08:00,2025-07-13T04:09:39-08:00,FALSE,7/11/2025 9:29,7/13/2025 4:09,2560.066667,42.66777778,17082.13333,175,2025,KIEI,Hatched,201
115,27251,22nrg021,22-NRG021_2,I-Incubating,NotApplicable,2022-07-14T09:24:26-08:00,2022-07-16T03:49:10-08:00,2022-07-14T09:24:21-08:00,2022-07-16T03:49:15-08:00,FALSE,7/14/2022 9:24,7/16/2022 3:49,2544.9,42.415,17036.45,175,2022,SPEI,Hatched,201
116,23074,16fox001,16-FOX001_1,I-Incubating,NotApplicable,2016-06-17T11:37:53-08:00,2016-06-19T05:51:57-08:00,2016-06-17T11:30:39-08:00,2016-06-19T05:44:53-08:00,FALSE,6/17/2016 11:30,6/19/2016 5:44,2534.233333,42.23722222,5178.466667,159.5,2016,SPEI,Destroyed,173
117,27457,23jan134,23-JAN134_1,I-Incubating,NotApplicable,2023-07-11T03:38:02-08:00,2023-07-12T21:49:09-08:00,2023-07-11T03:37:57-08:00,2023-07-12T21:49:14-08:00,FALSE,7/11/2023 3:37,7/12/2023 21:49,2531.283333,42.18805556,13838.88333,165,NA,NA,NA,NA
118,27928,24akm020,24-AKM020_1,I-Incubating,NotApplicable,2024-07-14T06:02:48-08:00,2024-07-16T00:04:02-08:00,2024-07-14T06:02:43-08:00,2024-07-16T00:04:07-08:00,FALSE,7/14/2024 6:02,7/16/2024 0:04,2521.4,42.02333333,30951.53333,170.75,2024,KIEI,Abandoned,198
119,28076,24mle091,24-MLE091_1,I-Incubating,NotApplicable,2024-07-01T08:06:01-08:00,2024-07-03T01:37:04-08:00,2024-07-01T08:05:56-08:00,2024-07-03T01:37:09-08:00,FALSE,7/1/2024 8:05,7/3/2024 1:37,2491.216667,41.52027778,20237.86667,167.75,2024,SPEI,Hatched,197
120,22523,13deg044,13-DEG044_1,I-Incubating,NotApplicable,2013-07-05T10:31:37-08:00,2013-07-07T04:00:07-08:00,2013-07-05T12:14:45-08:00,2013-07-07T05:43:23-08:00,FALSE,7/5/2013 12:14,7/7/2013 5:43,2488.633333,41.47722222,13552.61667,167,2013,KIEI,Hatched,193
121,26292,19nrg046,19-NRG046_1,I-Incubating,NotApplicable,2019-06-30T09:24:59-08:00,2019-07-02T02:49:43-08:00,2019-06-30T09:29:03-08:00,2019-07-02T02:53:57-08:00,FALSE,6/30/2019 9:29,7/2/2019 2:53,2484.9,41.415,19656.41667,163.5,2019,SPEI,Hatched,190
122,26255,19noc017,19-NOC017_2,I-Incubating,NotApplicable,2019-07-02T11:39:36-08:00,2019-07-04T04:56:30-08:00,2019-07-02T11:39:36-08:00,2019-07-04T04:56:35-08:00,FALSE,7/2/2019 11:39,7/4/2019 4:56,2476.983333,41.28305556,18492.61667,162,2019,SPEI,Hatched,189
123,27585,23drs009,23-DRS009_1,I-Incubating,NotApplicable,2013-01-19T22:43:53-09:00,2013-01-21T15:45:07-09:00,2023-06-25T02:35:54-08:00,2023-06-26T19:37:18-08:00,FALSE,6/25/2023 2:35,6/26/2023 19:37,2461.4,41.02333333,16368.86667,NA,166,Pair Survey,22,NA
125,27689,23agc031,23-AGC031_1,I-Incubating,NotApplicable,2023-06-28T07:02:59-08:00,2023-06-29T23:52:53-08:00,2023-06-28T07:02:59-08:00,2023-06-29T23:52:58-08:00,FALSE,6/28/2023 7:02,6/29/2023 23:52,2449.983333,40.83305556,15377.36667,165.5,2023,SPEI,Destroyed,190
126,25972,19cht010,19-CHT010_3,I-Incubating,NotApplicable,2019-07-02T12:55:52-08:00,2019-07-04T05:36:57-08:00,2019-07-02T12:55:52-08:00,2019-07-04T05:37:02-08:00,FALSE,7/2/2019 12:55,7/4/2019 5:37,2441.166667,40.68611111,20017.1,161.8333333,2019,KIEI,Hatched,190
127,23171,16map028,16-MAP028_1,I-Incubating,NotApplicable,2016-07-01T12:31:15-08:00,2016-07-03T04:47:15-08:00,2016-07-01T12:31:07-08:00,2016-07-03T04:47:22-08:00,FALSE,7/1/2016 12:31,7/3/2016 4:47,2416.25,40.27083333,18687.5,172.2083333,2016,SPEI,Hatched,194
128,26203,19cht024,19-CHT024_2,I-Incubating,NotApplicable,2019-07-11T05:53:51-08:00,2019-07-12T22:07:45-08:00,2019-07-11T06:00:04-08:00,2019-07-12T22:14:08-08:00,FALSE,7/11/2019 6:00,7/12/2019 22:14,2414.066667,40.23444444,15640.65,167,2019,SPEI,Hatched,194
129,27731,23drs084,23-DRS084_1,I-Incubating,NotApplicable,2023-07-07T12:03:30-08:00,2023-07-09T04:12:43-08:00,2023-07-07T12:03:25-08:00,2023-07-09T04:12:48-08:00,FALSE,7/7/2023 12:03,7/9/2023 4:12,2409.383333,40.15638889,13204.03333,167,2023,SPEI,Hatched,194
130,25062,14eeu038,14-EEU038_2,I-Incubating,NotApplicable,2000-01-02T23:19:56-09:00,2000-01-04T15:25:26-09:00,2014-07-13T12:42:07-08:00,2014-07-15T04:47:52-08:00,FALSE,7/13/2014 12:42,7/15/2014 4:47,2405.75,40.09583333,18581,169.875,2014,KIEI,Hatched,2
131,27780,23drs087,23-DRS087_1,I-Incubating,NotApplicable,2023-07-07T11:26:48-08:00,2023-07-09T02:34:32-08:00,2023-07-07T11:26:43-08:00,2023-07-09T02:34:37-08:00,FALSE,7/7/2023 11:26,7/9/2023 2:34,2347.9,39.13166667,11932.53333,164,2023,SPEI,Hatched,193
132,22533,13emw016,13-EMW016_2,I-Incubating,NotApplicable,2013-07-12T14:03:51-08:00,2013-07-14T05:07:21-08:00,2013-07-12T12:56:32-08:00,2013-07-14T04:00:10-08:00,FALSE,7/12/2013 12:56,7/14/2013 4:00,2343.633333,39.06055556,10892.33333,170,2013,KIEI,Hatched,195
133,26313,19nrg046,19-NRG046_2,I-Incubating,NotApplicable,2019-07-07T10:50:40-08:00,2019-07-09T01:46:24-08:00,2019-07-07T10:54:44-08:00,2019-07-09T01:50:38-08:00,FALSE,7/7/2019 10:54,7/9/2019 1:50,2335.9,38.93166667,19656.41667,163.5,2019,SPEI,Hatched,190
134,27768,23drs086,23-DRS086_1,I-Incubating,NotApplicable,2023-07-09T07:17:21-08:00,2023-07-10T21:56:45-08:00,2023-07-09T07:17:16-08:00,2023-07-10T21:56:50-08:00,FALSE,7/9/2023 7:17,7/10/2023 21:56,2319.566667,38.65944444,9641.316667,165,2023,KIEI,Hatched,192
135,22531,13emw016,13-EMW016_1,I-Incubating,NotApplicable,2013-07-09T12:37:04-08:00,2013-07-11T03:04:34-08:00,2013-07-09T11:29:45-08:00,2013-07-11T01:57:30-08:00,FALSE,7/9/2013 11:29,7/11/2013 1:57,2307.75,38.4625,10892.33333,170,2013,KIEI,Hatched,195
136,21917,11ncs003,11-NCS003_5,I-Incubating,NotApplicable,2011-07-08T08:45:30-08:00,2011-07-09T22:40:45-08:00,2011-07-09T08:50:38-08:00,2011-07-10T22:46:08-08:00,FALSE,7/9/2011 8:50,7/10/2011 22:46,2275.5,37.925,29128.36667,163,2011,SPEI,Hatched,191
137,28133,25cbp038,25-CBP038,I-Incubating,NotApplicable,2025-07-09T21:01:23-08:00,2025-07-11T09:12:00-08:00,2025-07-09T21:01:18-08:00,2025-07-11T09:12:05-08:00,FALSE,7/9/2025 21:01,7/11/2025 9:12,2170.783333,36.17972222,17082.13333,175,2025,KIEI,Hatched,201
138,25374,13emw016,13-EMW016_1,I-Incubating,NotApplicable,2013-07-06T16:05:49-08:00,2013-07-08T04:13:34-08:00,2013-07-06T14:58:38-08:00,2013-07-08T03:06:30-08:00,FALSE,7/6/2013 14:58,7/8/2013 3:06,2167.866667,36.13111111,10892.33333,170,2013,KIEI,Hatched,195
139,28124,25cbp038,25-CBP038,I-Incubating,NotApplicable,2025-07-08T08:40:40-08:00,2025-07-09T20:46:13-08:00,2025-07-08T08:40:35-08:00,2025-07-09T20:46:18-08:00,FALSE,7/8/2025 8:40,7/9/2025 20:46,2165.716667,36.09527778,17082.13333,175,2025,KIEI,Hatched,201
140,28084,24mle091,24-MLE091_1,I-Incubating,NotApplicable,2024-07-06T03:19:34-08:00,2024-07-07T14:51:51-08:00,2024-07-06T03:19:29-08:00,2024-07-07T14:51:56-08:00,FALSE,7/6/2024 3:19,7/7/2024 14:51,2132.45,35.54083333,20237.86667,167.75,2024,SPEI,Hatched,197
141,24366,12mtw013,12-MTW013_1,I-Incubating,NotApplicable,2012-06-26T10:09:12-08:00,2012-06-27T21:29:42-08:00,2012-06-26T16:19:51-08:00,2012-06-28T03:40:36-08:00,FALSE,6/26/2012 16:19,6/28/2012 3:40,2120.75,35.34583333,7126.366667,163,2012,KIEI,Destroyed,181
142,22470,12keo001,12-KEO001_3,I-Incubating,NotApplicable,2012-07-04T04:31:15-08:00,2012-07-05T15:30:15-08:00,2012-07-04T04:33:23-08:00,2012-07-05T15:32:38-08:00,FALSE,7/4/2012 4:33,7/5/2012 15:32,2099.25,34.9875,26854.13333,166.5,2012,SPEI,Hatched,192
143,27935,24akm051,24-AKM051_1,I-Incubating,NotApplicable,2024-07-01T04:14:55-08:00,2024-07-02T15:13:22-08:00,2024-07-01T04:14:50-08:00,2024-07-02T15:13:27-08:00,FALSE,7/1/2024 4:14,7/2/2024 15:13,2098.616667,34.97694444,7484.433333,181,2024,KIEI,Hatched,208
144,27943,24akm051,24-AKM051_1,I-Incubating,NotApplicable,2024-07-05T06:01:43-08:00,2024-07-06T16:44:18-08:00,2024-07-05T06:01:38-08:00,2024-07-06T16:44:23-08:00,FALSE,7/5/2024 6:01,7/6/2024 16:44,2082.75,34.7125,7484.433333,181,2024,KIEI,Hatched,208
145,22521,13deg023,13-DEG023_2,I-Incubating,NotApplicable,2013-07-07T10:07:30-08:00,2013-07-08T20:34:30-08:00,2013-07-07T09:49:34-08:00,2013-07-08T20:16:49-08:00,FALSE,7/7/2013 9:49,7/8/2013 20:16,2067.25,34.45416667,8190.366667,161.5,2013,KIEI,Hatched,190
146,27920,24akm020,24-AKM020_1,I-Incubating,NotApplicable,2024-07-03T17:40:28-08:00,2024-07-05T03:50:05-08:00,2024-07-03T17:40:23-08:00,2024-07-05T03:50:10-08:00,FALSE,7/3/2024 17:40,7/5/2024 3:50,2049.783333,34.16305556,30951.53333,170.75,2024,KIEI,Abandoned,198
147,27975,24cam058,24-CAM058_1,I-Incubating,NotApplicable,2024-07-16T03:29:47-08:00,2024-07-17T12:59:04-08:00,2024-07-16T03:29:42-08:00,2024-07-17T12:59:09-08:00,FALSE,7/16/2024 3:29,7/17/2024 12:59,2009.45,33.49083333,27151.16667,176.75,2024,KIEI,Hatched,204
148,25299,12keo001,12-KEO001_4,I-Incubating,NotApplicable,2012-07-07T00:49:45-08:00,2012-07-08T10:15:00-08:00,2012-07-07T00:49:37-08:00,2012-07-08T10:15:07-08:00,FALSE,7/7/2012 0:49,7/8/2012 10:15,2005.5,33.425,26854.13333,166.5,2012,SPEI,Hatched,192
149,27906,24akm020,24-AKM020_1,I-Incubating,NotApplicable,2024-07-01T07:11:37-08:00,2024-07-02T16:31:41-08:00,2024-07-01T07:11:32-08:00,2024-07-02T16:31:46-08:00,FALSE,7/1/2024 7:11,7/2/2024 16:31,2000.233333,33.33722222,30951.53333,170.75,2024,KIEI,Abandoned,198
150,22305,12mtw040,12-MTW040_1,I-Incubating,NotApplicable,2012-07-04T18:22:55-08:00,2012-07-06T03:42:10-08:00,2012-07-04T18:33:32-08:00,2012-07-06T03:52:59-08:00,FALSE,7/4/2012 18:33,7/6/2012 3:52,1999.45,33.32416667,15731.5,160,2012,KIEI,Hatched,194
151,25167,14mwm054,14-MWM054_1,I-Incubating,NotApplicable,2014-07-02T17:43:08-08:00,2014-07-04T02:58:53-08:00,2014-07-02T21:25:17-08:00,2014-07-04T06:41:17-08:00,FALSE,7/2/2014 21:25,7/4/2014 6:41,1996,33.26666667,12692.25,166.5833333,2014,KIEI,Hatched,191
152,23076,16fox001,16-FOX001_1,I-Incubating,NotApplicable,2016-06-19T10:50:57-08:00,2016-06-20T20:00:41-08:00,2016-06-19T10:43:43-08:00,2016-06-20T19:53:37-08:00,FALSE,6/19/2016 10:43,6/20/2016 19:53,1989.9,33.165,5178.466667,159.5,2016,SPEI,Destroyed,173
153,25254,12mtw030,12-MTW030_3,I-Incubating,NotApplicable,2012-07-12T15:59:09-08:00,2012-07-14T01:02:09-08:00,2012-07-12T18:06:51-08:00,2012-07-14T03:10:06-08:00,FALSE,7/12/2012 18:06,7/14/2012 3:10,1983.25,33.05416667,18740.73333,164,2012,KIEI,Hatched,196
154,21464,11des015,11-DES015_1,I-Incubating,NotApplicable,2011-06-28T07:35:41-08:00,2011-06-29T16:27:11-08:00,2011-06-28T08:03:14-08:00,2011-06-29T16:54:59-08:00,FALSE,6/28/2011 8:03,6/29/2011 16:54,1971.75,32.8625,23068.58333,167,2011,KIEI,Hatched,194
155,27630,22esw092,22-ESW092_1,I-Incubating,NotApplicable,2022-07-11T09:10:28-08:00,2022-07-12T17:25:21-08:00,2022-07-11T09:10:23-08:00,2022-07-12T17:25:26-08:00,FALSE,7/11/2022 9:10,7/12/2022 17:25,1935.05,32.25083333,7923.616667,NA,2022,KIEI,Destroyed,194
156,25416,13deg030,13-DEG030_1,I-Incubating,NotApplicable,1999-12-31T15:00:10-09:00,2000-01-01T23:06:55-09:00,2013-07-02T02:20:28-08:00,2013-07-03T10:27:20-08:00,FALSE,7/2/2013 2:20,7/3/2013 10:27,1926.866667,32.11444444,13180.86667,173,2013,SPEI,Destroyed,4
157,26259,19noc017,19-NOC017_2,I-Incubating,NotApplicable,2019-07-04T05:16:20-08:00,2019-07-05T13:15:57-08:00,2019-07-04T05:16:15-08:00,2019-07-05T13:16:02-08:00,FALSE,7/4/2019 5:16,7/5/2019 13:16,1919.783333,31.99638889,18492.61667,162,2019,SPEI,Hatched,189
158,22530,13emw016,13-EMW016_1,I-Incubating,NotApplicable,2013-07-08T04:24:19-08:00,2013-07-09T11:59:34-08:00,2013-07-08T03:17:00-08:00,2013-07-09T10:52:30-08:00,FALSE,7/8/2013 3:17,7/9/2013 10:52,1895.5,31.59166667,10892.33333,170,2013,KIEI,Hatched,195
159,27668,23agc030,23-AGC030_1,I-Incubating,NotApplicable,2023-07-03T10:28:23-08:00,2023-07-04T17:52:07-08:00,2023-07-03T10:28:18-08:00,2023-07-04T17:52:12-08:00,FALSE,7/3/2023 10:28,7/4/2023 17:52,1883.9,31.39833333,13815.63333,166,2023,SPEI,Destroyed,189
160,22482,12jjn009,12-JJN009_2,I-Incubating,NotApplicable,2012-06-27T15:30:26-08:00,2012-06-28T22:53:26-08:00,2012-06-28T11:04:49-08:00,2012-06-29T18:28:04-08:00,FALSE,6/28/2012 11:04,6/29/2012 18:28,1883.25,31.3875,27402.53333,167,2012,SPEI,Hatched,192
161,25243,12mtw030,12-MTW030_2,I-Incubating,NotApplicable,2012-07-08T05:23:10-08:00,2012-07-09T12:45:55-08:00,2012-07-08T06:44:52-08:00,2012-07-09T14:07:52-08:00,FALSE,7/8/2012 6:44,7/9/2012 14:07,1883,31.38333333,18740.73333,164,2012,KIEI,Hatched,196
162,27784,23drs087,23-DRS087_1,I-Incubating,NotApplicable,2023-07-11T03:34:26-08:00,2023-07-12T10:54:13-08:00,2023-07-11T03:34:21-08:00,2023-07-12T10:54:18-08:00,FALSE,7/11/2023 3:34,7/12/2023 10:54,1879.95,31.3325,11932.53333,164,2023,SPEI,Hatched,193
163,22273,12mtw013,12-MTW013_1,I-Incubating,NotApplicable,2012-06-25T01:07:27-08:00,2012-06-26T08:12:57-08:00,2012-06-25T07:18:06-08:00,2012-06-26T14:23:51-08:00,FALSE,6/25/2012 7:18,6/26/2012 14:23,1865.75,31.09583333,7126.366667,163,2012,KIEI,Destroyed,181
164,27558,23kwm086,23-KWM086_1,I-Incubating,NotApplicable,2023-07-11T09:49:59-08:00,2023-07-12T16:47:23-08:00,2023-07-11T09:49:54-08:00,2023-07-12T16:47:28-08:00,FALSE,7/11/2023 9:49,7/12/2023 16:47,1857.566667,30.95944444,15683.11667,164,2023,SPEI,Hatched,194
165,27958,24akm052,24-AKM052_1,I-Incubating,NotApplicable,2024-07-12T03:38:00-08:00,2024-07-13T10:34:57-08:00,2024-07-12T03:37:55-08:00,2024-07-13T10:35:02-08:00,FALSE,7/12/2024 3:37,7/13/2024 10:35,1857.116667,30.95194444,16032.36667,166,2024,SPEI,Hatched,196
166,22485,12jjn009,12-JJN009_3,I-Incubating,NotApplicable,2012-07-03T04:04:23-08:00,2012-07-04T10:34:53-08:00,2012-07-03T03:51:22-08:00,2012-07-04T10:22:07-08:00,FALSE,7/3/2012 3:51,7/4/2012 10:22,1830.75,30.5125,27402.53333,167,2012,SPEI,Hatched,192
167,27080,22jam031,22-JAM031_1,I-Incubating,NotApplicable,2022-07-01T22:50:59-08:00,2022-07-03T05:15:05-08:00,2022-07-01T22:50:54-08:00,2022-07-03T05:15:10-08:00,FALSE,7/1/2022 22:50,7/3/2022 5:15,1824.266667,30.40444444,28501.5,177,2022,KIEI,Hatched,202
168,22481,12jjn009,12-JJN009_2,I-Incubating,NotApplicable,2012-06-26T08:52:56-08:00,2012-06-27T15:12:41-08:00,2012-06-27T04:27:19-08:00,2012-06-28T10:47:19-08:00,FALSE,6/27/2012 4:27,6/28/2012 10:47,1820,30.33333333,27402.53333,167,2012,SPEI,Hatched,192
169,25554,14smh016,14-SMH016_2,I-Incubating,NotApplicable,2014-07-11T22:44:03-08:00,2014-07-13T05:00:03-08:00,2014-07-12T00:41:52-08:00,2014-07-13T06:58:07-08:00,FALSE,7/12/2014 0:41,7/13/2014 6:58,1816.25,30.27083333,12564.25,167.875,2014,KIEI,Hatched,195
170,22466,12keo001,12-KEO001_2,I-Incubating,NotApplicable,2012-06-27T10:30:15-08:00,2012-06-28T16:39:15-08:00,2012-06-28T05:39:07-08:00,2012-06-29T11:48:22-08:00,FALSE,6/28/2012 5:39,6/29/2012 11:48,1809.25,30.15416667,26854.13333,166.5,2012,SPEI,Hatched,192
171,25239,12mtw030,12-MTW030_2,I-Incubating,NotApplicable,2012-07-04T19:54:55-08:00,2012-07-06T01:56:55-08:00,2012-07-04T21:16:37-08:00,2012-07-06T03:18:52-08:00,FALSE,7/4/2012 21:16,7/6/2012 3:18,1802.25,30.0375,18740.73333,164,2012,KIEI,Hatched,196
172,27074,22esw041,22-ESW041_1,I-Incubating,NotApplicable,2022-07-08T05:02:44-08:00,2022-07-09T10:52:01-08:00,2022-07-08T05:02:39-08:00,2022-07-09T10:52:06-08:00,FALSE,7/8/2022 5:02,7/9/2022 10:52,1789.45,29.82416667,23844.31667,172.5,2022,KIEI,Destroyed,199
173,25969,19cht010,19-CHT010_2,I-Incubating,NotApplicable,2019-06-30T23:37:34-08:00,2019-07-02T05:11:51-08:00,2019-06-30T23:37:29-08:00,2019-07-02T05:11:56-08:00,FALSE,6/30/2019 23:37,7/2/2019 5:11,1774.45,29.57416667,20017.1,161.8333333,2019,KIEI,Hatched,190
175,25292,12keo001,12-KEO001_3,I-Incubating,NotApplicable,2012-07-01T01:48:00-08:00,2012-07-02T07:08:30-08:00,2012-07-01T01:50:15-08:00,2012-07-02T07:10:53-08:00,FALSE,7/1/2012 1:50,7/2/2012 7:10,1760.633333,29.34388889,26854.13333,166.5,2012,SPEI,Hatched,192
176,25528,14mwm015,14-MWM015_1,I-Incubating,NotApplicable,2014-07-08T02:03:00-08:00,2014-07-09T07:12:15-08:00,2014-07-08T05:03:37-08:00,2014-07-09T10:13:00-08:00,FALSE,7/8/2014 5:03,7/9/2014 10:13,1749.383333,29.15638889,12819.11667,168,2014,SPEI,Hatched,193
177,25375,13emw016,13-EMW016_2,I-Incubating,NotApplicable,2013-07-11T08:42:06-08:00,2013-07-12T13:37:36-08:00,2013-07-11T07:34:55-08:00,2013-07-12T12:30:32-08:00,FALSE,7/11/2013 7:34,7/12/2013 12:30,1735.616667,28.92694444,10892.33333,170,2013,KIEI,Hatched,195
178,21468,11des015,11-DES015_2,I-Incubating,NotApplicable,2011-07-03T05:47:20-08:00,2011-07-04T10:32:20-08:00,2011-07-03T06:14:53-08:00,2011-07-04T11:00:08-08:00,FALSE,7/3/2011 6:14,7/4/2011 11:00,1725.25,28.75416667,23068.58333,167,2011,KIEI,Hatched,194
179,27772,23drs087,23-DRS087_1,I-Incubating,NotApplicable,2023-07-04T04:01:46-08:00,2023-07-05T08:39:54-08:00,2023-07-04T04:01:46-08:00,2023-07-05T08:39:59-08:00,FALSE,7/4/2023 4:01,7/5/2023 8:39,1718.216667,28.63694444,11932.53333,164,2023,SPEI,Hatched,193
180,23174,16map028,16-MAP028_2,I-Incubating,NotApplicable,2016-07-05T06:13:15-08:00,2016-07-06T10:15:30-08:00,2016-07-05T06:13:07-08:00,2016-07-06T10:15:37-08:00,FALSE,7/5/2016 6:13,7/6/2016 10:15,1682.5,28.04166667,18687.5,172.2083333,2016,SPEI,Hatched,194
181,25301,12keo001,12-KEO001_5,I-Incubating,NotApplicable,2012-07-09T02:01:00-08:00,2012-07-10T05:59:00-08:00,2012-07-09T02:00:00-08:00,2012-07-10T05:58:07-08:00,FALSE,7/9/2012 2:00,7/10/2012 5:58,1678.116667,27.96861111,26854.13333,166.5,2012,SPEI,Hatched,192
182,22719,15ery012,15-ERY012_1,I-Incubating,NotApplicable,2015-06-27T05:43:15-08:00,2015-06-28T09:40:45-08:00,2015-06-27T05:43:07-08:00,2015-06-28T09:40:52-08:00,FALSE,6/27/2015 5:43,6/28/2015 9:40,1677.75,27.9625,16776.75,166,2015,SPEI,Hatched,191
183,21466,11des015,11-DES015_1,I-Incubating,NotApplicable,2011-06-30T05:42:41-08:00,2011-07-01T09:35:41-08:00,2011-06-30T06:10:14-08:00,2011-07-01T10:03:29-08:00,FALSE,6/30/2011 6:10,7/1/2011 10:03,1673.25,27.8875,23068.58333,167,2011,KIEI,Hatched,194
184,22628,13deg030,13-DEG030_1,I-Incubating,NotApplicable,2000-01-02T20:47:10-09:00,2000-01-04T00:33:10-09:00,2013-07-04T08:07:20-08:00,2013-07-05T11:53:35-08:00,FALSE,7/4/2013 8:07,7/5/2013 11:53,1666.25,27.77083333,13180.86667,173,2013,SPEI,Destroyed,4
185,27230,22esw041,22-ESW041_2,I-Incubating,NotApplicable,2022-07-10T08:05:48-08:00,2022-07-11T11:49:26-08:00,2022-07-10T08:05:48-08:00,2022-07-11T11:49:31-08:00,FALSE,7/10/2022 8:05,7/11/2022 11:49,1663.716667,27.72861111,23844.31667,172.5,2022,KIEI,Destroyed,199
186,25059,14eeu038,14-EEU038_2,I-Incubating,NotApplicable,1999-12-31T15:30:56-09:00,2000-01-01T19:10:26-09:00,2014-07-11T04:53:07-08:00,2014-07-12T08:32:52-08:00,FALSE,7/11/2014 4:53,7/12/2014 8:32,1659.75,27.6625,18581,169.875,2014,KIEI,Hatched,2
187,27439,23jls040,23-JLS040_1,I-Incubating,NotApplicable,2023-07-10T03:48:28-08:00,2023-07-11T07:26:55-08:00,2023-07-10T03:48:23-08:00,2023-07-11T07:27:00-08:00,FALSE,7/10/2023 3:48,7/11/2023 7:27,1658.616667,27.64361111,15435.05,165,2023,KIEI,Destroyed,193
188,27453,23jan134,23-JAN134_1,I-Incubating,NotApplicable,2023-07-06T05:10:27-08:00,2023-07-07T08:40:04-08:00,2023-07-06T05:10:17-08:00,2023-07-07T08:40:09-08:00,FALSE,7/6/2023 5:10,7/7/2023 8:40,1649.866667,27.49777778,13838.88333,165,NA,NA,NA,NA
189,25061,14eeu038,14-EEU038_2,I-Incubating,NotApplicable,2000-01-01T19:41:11-09:00,2000-01-02T23:08:11-09:00,2014-07-12T09:03:22-08:00,2014-07-13T12:30:37-08:00,FALSE,7/12/2014 9:03,7/13/2014 12:30,1647.25,27.45416667,18581,169.875,2014,KIEI,Hatched,2
190,22634,13deg030,13-DEG030_2,I-Incubating,NotApplicable,2000-01-01T04:33:34-09:00,2000-01-02T08:00:04-09:00,2013-07-08T03:48:35-08:00,2013-07-09T07:15:20-08:00,FALSE,7/8/2013 3:48,7/9/2013 7:15,1646.75,27.44583333,13180.86667,173,2013,SPEI,Destroyed,4
191,25294,12keo001,12-KEO001_3,I-Incubating,NotApplicable,2012-07-03T00:53:15-08:00,2012-07-04T04:12:45-08:00,2012-07-03T00:55:23-08:00,2012-07-04T04:15:08-08:00,FALSE,7/3/2012 0:55,7/4/2012 4:15,1639.75,27.32916667,26854.13333,166.5,2012,SPEI,Hatched,192
192,25170,14mwm054,14-MWM054_2,I-Incubating,NotApplicable,2014-07-08T05:57:06-08:00,2014-07-09T09:15:36-08:00,2014-07-08T09:42:22-08:00,2014-07-09T13:01:07-08:00,FALSE,7/8/2014 9:42,7/9/2014 13:01,1638.75,27.3125,12692.25,166.5833333,2014,KIEI,Hatched,191
193,28080,24mle091,24-MLE091_1,I-Incubating,NotApplicable,2024-07-04T03:46:31-08:00,2024-07-05T07:03:48-08:00,2024-07-04T03:46:26-08:00,2024-07-05T07:03:53-08:00,FALSE,7/4/2024 3:46,7/5/2024 7:03,1637.45,27.29083333,20237.86667,167.75,2024,SPEI,Hatched,197
194,26913,19cht010,19-CHT010_3,I-Incubating,NotApplicable,2019-07-06T02:27:11-08:00,2019-07-07T05:37:38-08:00,2019-07-06T02:27:06-08:00,2019-07-07T05:37:38-08:00,FALSE,7/6/2019 2:27,7/7/2019 5:37,1630.533333,27.17555556,20017.1,161.8333333,2019,KIEI,Hatched,190
195,26226,19cht036,19-CHT036_1,I-Incubating,NotApplicable,2019-07-05T02:43:28-08:00,2019-07-06T05:43:45-08:00,2019-07-05T02:46:52-08:00,2019-07-06T05:47:19-08:00,FALSE,7/5/2019 2:46,7/6/2019 5:47,1620.45,27.0075,8171.966667,162.5416667,2019,SPEI,Hatched,189
196,26183,19cht024,19-CHT024_1,I-Incubating,NotApplicable,2019-07-04T05:21:36-08:00,2019-07-05T08:21:43-08:00,2019-07-04T05:27:49-08:00,2019-07-05T08:28:06-08:00,FALSE,7/4/2019 5:27,7/5/2019 8:28,1620.283333,27.00472222,15640.65,167,2019,SPEI,Hatched,194
197,23109,16fox002,16-FOX002_1,I-Incubating,NotApplicable,2016-06-15T04:34:00-08:00,2016-06-16T07:28:45-08:00,2016-06-15T04:30:19-08:00,2016-06-16T07:25:11-08:00,FALSE,6/15/2016 4:30,6/16/2016 7:25,1614.866667,26.91444444,24531.36667,156,2016,KIEI,Hatched,186
198,27983,24cam058,24-CAM058_1,I-Incubating,NotApplicable,2024-07-19T03:25:48-08:00,2024-07-20T06:15:25-08:00,2024-07-19T03:25:43-08:00,2024-07-20T06:15:30-08:00,FALSE,7/19/2024 3:25,7/20/2024 6:15,1609.783333,26.82972222,27151.16667,176.75,2024,KIEI,Hatched,204
199,25412,13crg028,13-CRG028_1,I-Incubating,NotApplicable,2013-07-03T04:15:00-08:00,2013-07-04T06:55:00-08:00,2013-07-03T04:16:43-08:00,2013-07-04T06:56:50-08:00,FALSE,7/3/2013 4:16,7/4/2013 6:56,1600.116667,26.66861111,6920.366667,162,2013,SPEI,Hatched,189
200,27082,22jam031,22-JAM031_1,I-Incubating,NotApplicable,2022-07-03T05:31:15-08:00,2022-07-04T08:09:12-08:00,2022-07-03T05:31:10-08:00,2022-07-04T08:09:17-08:00,FALSE,7/3/2022 5:31,7/4/2022 8:09,1598.116667,26.63527778,28501.5,177,2022,KIEI,Hatched,202
201,23026,15sot010,15-SOT010_2,I-Incubating,NotApplicable,2015-07-05T10:50:45-08:00,2015-07-06T13:27:30-08:00,2015-07-05T10:50:37-08:00,2015-07-06T13:27:30-08:00,FALSE,7/5/2015 10:50,7/6/2015 13:27,1596.883333,26.61472222,10171.61667,164,2015,SPEI,Hatched,190
202,27517,23hec144,23-HEC144_1,I-Incubating,NotApplicable,2023-07-09T09:14:55-08:00,2023-07-10T11:36:02-08:00,2023-07-09T09:14:50-08:00,2023-07-10T11:36:07-08:00,FALSE,7/9/2023 9:14,7/10/2023 11:36,1581.283333,26.35472222,16440.78333,170,2023,KIEI,Destroyed,194
203,22509,12rrg007,12-RRG007_3,I-Incubating,NotApplicable,2012-07-05T04:31:10-08:00,2012-07-06T06:51:25-08:00,2012-07-05T06:35:51-08:00,2012-07-06T08:56:21-08:00,FALSE,7/5/2012 6:35,7/6/2012 8:56,1580.5,26.34166667,22670.11667,166,2012,SPEI,Hatched,192
204,27658,23agc030,23-AGC030_1,I-Incubating,NotApplicable,2023-06-29T07:32:47-08:00,2023-06-30T09:52:03-08:00,2023-06-29T07:32:42-08:00,2023-06-30T09:52:08-08:00,FALSE,6/29/2023 7:32,6/30/2023 9:52,1579.433333,26.32388889,13815.63333,166,2023,SPEI,Destroyed,189
205,27985,24cam058,24-CAM058_1,I-Incubating,NotApplicable,2024-07-20T06:21:25-08:00,2024-07-21T08:37:22-08:00,2024-07-20T06:21:20-08:00,2024-07-21T08:37:27-08:00,FALSE,7/20/2024 6:21,7/21/2024 8:37,1576.116667,26.26861111,27151.16667,176.75,2024,KIEI,Hatched,204
206,26214,19cht036,19-CHT036_1,I-Incubating,NotApplicable,2019-07-02T08:02:27-08:00,2019-07-03T10:15:34-08:00,2019-07-02T08:05:51-08:00,2019-07-03T10:19:08-08:00,FALSE,7/2/2019 8:05,7/3/2019 10:19,1573.283333,26.22138889,8171.966667,162.5416667,2019,SPEI,Hatched,189
207,25957,11est009,11-EST009_2,I-Incubating,NotApplicable,2011-06-30T23:07:50-08:00,2011-07-02T01:19:35-08:00,2011-06-30T23:25:02-08:00,2011-07-02T01:36:55-08:00,FALSE,6/30/2011 23:25,7/2/2011 1:36,1571.883333,26.19805556,21401,164.0833333,2011,KIEI,Hatched,193
208,27994,24jan015,24-JAN015_1,I-Incubating,NotApplicable,2024-06-21T05:52:41-08:00,2024-06-22T08:02:18-08:00,2024-06-21T05:52:36-08:00,2024-06-22T08:02:23-08:00,FALSE,6/21/2024 5:52,6/22/2024 8:02,1569.783333,26.16305556,10933.5,169,NA,NA,NA,NA
209,22303,12mtw040,12-MTW040_1,I-Incubating,NotApplicable,2012-07-01T06:36:40-08:00,2012-07-02T08:46:10-08:00,2012-07-01T06:47:17-08:00,2012-07-02T08:57:02-08:00,FALSE,7/1/2012 6:47,7/2/2012 8:57,1569.75,26.1625,15731.5,160,2012,KIEI,Hatched,194
210,27729,23drs084,23-DRS084_1,I-Incubating,NotApplicable,2023-07-06T09:46:53-08:00,2023-07-07T11:49:40-08:00,2023-07-06T09:46:48-08:00,2023-07-07T11:49:45-08:00,FALSE,7/6/2023 9:46,7/7/2023 11:49,1562.95,26.04916667,13204.03333,167,2023,SPEI,Hatched,194
211,25207,14mwm015,14-MWM015_2,I-Incubating,NotApplicable,2014-07-09T16:59:30-08:00,2014-07-10T18:56:30-08:00,2014-07-09T23:47:00-08:00,2014-07-11T01:44:15-08:00,FALSE,7/9/2014 23:47,7/11/2014 1:44,1557.25,25.95416667,12819.11667,168,2014,SPEI,Hatched,193
212,27034,15qmb003,15-QMB003_1,I-Incubating,NotApplicable,2015-06-30T04:00:00-08:00,2015-07-01T05:56:15-08:00,2015-06-30T03:46:00-08:00,2015-07-01T05:42:22-08:00,FALSE,6/30/2015 3:46,7/1/2015 5:42,1556.366667,25.93944444,5646.616667,158.5,2015,SPEI,Hatched,185
214,23045,16dlc007,16-DLC007_1,I-Incubating,NotApplicable,2016-06-24T02:55:15-08:00,2016-06-25T04:46:00-08:00,2016-06-24T02:55:07-08:00,2016-06-25T04:46:07-08:00,FALSE,6/24/2016 2:55,6/25/2016 4:46,1551,25.85,15960.63333,173,2016,SPEI,Destroyed,186
215,23025,15sot010,15-SOT010_1,I-Incubating,NotApplicable,2015-07-04T05:45:30-08:00,2015-07-05T07:33:15-08:00,2015-07-04T05:45:22-08:00,2015-07-05T07:33:15-08:00,FALSE,7/4/2015 5:45,7/5/2015 7:33,1547.883333,25.79805556,10171.61667,164,2015,SPEI,Hatched,190
218,22505,12rrg007,12-RRG007_2,I-Incubating,NotApplicable,2012-06-30T04:49:40-08:00,2012-07-01T06:31:55-08:00,2012-06-30T05:15:21-08:00,2012-07-01T06:57:51-08:00,FALSE,6/30/2012 5:15,7/1/2012 6:57,1542.5,25.70833333,22670.11667,166,2012,SPEI,Hatched,192
219,26199,19cht024,19-CHT024_2,I-Incubating,NotApplicable,2019-07-09T05:59:57-08:00,2019-07-10T07:42:04-08:00,2019-07-09T06:06:10-08:00,2019-07-10T07:48:27-08:00,FALSE,7/9/2019 6:06,7/10/2019 7:48,1542.283333,25.70472222,15640.65,167,2019,SPEI,Hatched,194
220,27621,22esw092,22-ESW092_1,I-Incubating,NotApplicable,2022-07-08T05:53:17-08:00,2022-07-09T07:34:04-08:00,2022-07-08T05:53:12-08:00,2022-07-09T07:34:09-08:00,FALSE,7/8/2022 5:53,7/9/2022 7:34,1540.95,25.6825,7923.616667,NA,2022,KIEI,Destroyed,194
221,27705,23agc031,23-AGC031_1,I-Incubating,NotApplicable,2023-07-05T06:19:48-08:00,2023-07-06T08:00:35-08:00,2023-07-05T06:19:43-08:00,2023-07-06T08:00:40-08:00,FALSE,7/5/2023 6:19,7/6/2023 8:00,1540.95,25.6825,15377.36667,165.5,2023,SPEI,Destroyed,190
222,22465,12keo001,12-KEO001_1,I-Incubating,NotApplicable,2012-06-25T07:33:30-08:00,2012-06-26T09:14:00-08:00,2012-06-25T07:42:58-08:00,2012-06-26T09:23:36-08:00,FALSE,6/25/2012 7:42,6/26/2012 9:23,1540.633333,25.67722222,26854.13333,166.5,2012,SPEI,Hatched,192
223,27800,23drs088,23-DRS088_1,I-Incubating,NotApplicable,2023-07-14T09:11:43-08:00,2023-07-15T10:45:10-08:00,2023-07-14T09:11:38-08:00,2023-07-15T10:45:15-08:00,FALSE,7/14/2023 9:11,7/15/2023 10:45,1533.616667,25.56027778,17009.9,168,2023,SPEI,Hatched,197
224,25715,16fox002,16-FOX002_1,I-Incubating,NotApplicable,2016-06-16T07:44:00-08:00,2016-06-17T09:05:15-08:00,2016-06-16T07:40:11-08:00,2016-06-17T09:01:41-08:00,FALSE,6/16/2016 7:40,6/17/2016 9:01,1521.5,25.35833333,24531.36667,156,2016,KIEI,Hatched,186
225,22307,12mtw040,12-MTW040_2,I-Incubating,NotApplicable,2012-07-08T23:40:48-08:00,2012-07-10T00:59:48-08:00,2012-07-09T00:03:25-08:00,2012-07-10T01:22:40-08:00,FALSE,7/9/2012 0:03,7/10/2012 1:22,1519.25,25.32083333,15731.5,160,2012,KIEI,Hatched,194
226,22488,12jjn009,12-JJN009_4,I-Incubating,NotApplicable,2012-07-06T03:03:55-08:00,2012-07-07T04:22:40-08:00,2012-07-06T06:03:37-08:00,2012-07-07T07:22:37-08:00,FALSE,7/6/2012 6:03,7/7/2012 7:22,1519,25.31666667,27402.53333,167,2012,SPEI,Hatched,192
228,28078,24mle091,24-MLE091_1,I-Incubating,NotApplicable,2024-07-03T02:21:34-08:00,2024-07-04T03:31:31-08:00,2024-07-03T02:21:29-08:00,2024-07-04T03:31:36-08:00,FALSE,7/3/2024 2:21,7/4/2024 3:31,1510.116667,25.16861111,20237.86667,167.75,2024,SPEI,Hatched,197
229,22978,15nrg022,15-NRG022_1,I-Incubating,NotApplicable,2000-01-01T17:51:43-09:00,2000-01-02T19:00:28-09:00,2015-07-01T08:50:57-08:00,2015-07-02T09:59:57-08:00,FALSE,7/1/2015 8:50,7/2/2015 9:59,1509,25.15,9339,170.375,2015,SPEI,Destroyed,3
231,22504,12rrg007,12-RRG007_2,I-Incubating,NotApplicable,2012-06-29T03:37:55-08:00,2012-06-30T04:35:25-08:00,2012-06-29T04:03:36-08:00,2012-06-30T05:01:21-08:00,FALSE,6/29/2012 4:03,6/30/2012 5:01,1497.75,24.9625,22670.11667,166,2012,SPEI,Hatched,192
232,27945,24akm052,24-AKM052_1,I-Incubating,NotApplicable,2024-07-03T06:04:07-08:00,2024-07-04T06:59:04-08:00,2024-07-03T06:04:07-08:00,2024-07-04T06:59:09-08:00,FALSE,7/3/2024 6:04,7/4/2024 6:59,1495.033333,24.91722222,16032.36667,166,2024,SPEI,Hatched,196
233,28051,24jan109,24-JAN109_1,I-Incubating,NotApplicable,2024-07-11T07:36:01-08:00,2024-07-12T08:30:48-08:00,2024-07-11T07:35:56-08:00,2024-07-12T08:30:53-08:00,FALSE,7/11/2024 7:35,7/12/2024 8:30,1494.95,24.91583333,17687.83333,169,NA,NA,NA,NA
234,25065,14eeu038,14-EEU038_3,I-Incubating,NotApplicable,1999-12-31T17:11:55-09:00,2000-01-01T17:59:10-09:00,2014-07-17T08:16:53-08:00,2014-07-18T09:04:23-08:00,FALSE,7/17/2014 8:16,7/18/2014 9:04,1487.5,24.79166667,18581,169.875,2014,KIEI,Hatched,2
235,22508,12rrg007,12-RRG007_3,I-Incubating,NotApplicable,2012-07-04T03:31:10-08:00,2012-07-05T04:18:10-08:00,2012-07-04T05:35:51-08:00,2012-07-05T06:23:06-08:00,FALSE,7/4/2012 5:35,7/5/2012 6:23,1487.25,24.7875,22670.11667,166,2012,SPEI,Hatched,192
236,23090,16fox002,16-FOX002_2,I-Incubating,NotApplicable,2016-06-25T09:22:15-08:00,2016-06-26T10:08:00-08:00,2016-06-25T09:18:26-08:00,2016-06-26T10:04:26-08:00,FALSE,6/25/2016 9:18,6/26/2016 10:04,1486,24.76666667,24531.36667,156,2016,KIEI,Hatched,186
237,22308,12mtw040,12-MTW040_2,I-Incubating,NotApplicable,2012-07-10T23:52:48-08:00,2012-07-12T00:37:33-08:00,2012-07-11T00:15:25-08:00,2012-07-12T01:00:25-08:00,FALSE,7/11/2012 0:15,7/12/2012 1:00,1485,24.75,15731.5,160,2012,KIEI,Hatched,194
238,25175,14smh016,14-SMH016_1,I-Incubating,NotApplicable,2014-07-05T03:19:50-08:00,2014-07-06T03:59:20-08:00,2014-07-05T05:17:39-08:00,2014-07-06T05:57:24-08:00,FALSE,7/5/2014 5:17,7/6/2014 5:57,1479.75,24.6625,12564.25,167.875,2014,KIEI,Hatched,195
239,23055,16dlc007,16-DLC007_2,I-Incubating,NotApplicable,2016-06-29T10:40:15-08:00,2016-06-30T11:14:00-08:00,2016-06-29T10:40:07-08:00,2016-06-30T11:14:07-08:00,FALSE,6/29/2016 10:40,6/30/2016 11:14,1474,24.56666667,15960.63333,173,2016,SPEI,Destroyed,186
240,25192,14mtw053,14-MTW053_4,I-Incubating,NotApplicable,2014-07-11T07:06:15-08:00,2014-07-12T07:38:45-08:00,2014-07-11T07:06:07-08:00,2014-07-12T07:38:52-08:00,FALSE,7/11/2014 7:06,7/12/2014 7:38,1472.75,24.54583333,13902.11667,167.8958333,2014,SPEI,Hatched,196
241,26193,19cht024,19-CHT024_1,I-Incubating,NotApplicable,2019-07-08T04:43:13-08:00,2019-07-09T05:14:30-08:00,2019-07-08T04:49:26-08:00,2019-07-09T05:21:01-08:00,FALSE,7/8/2019 4:49,7/9/2019 5:21,1471.583333,24.52638889,15640.65,167,2019,SPEI,Hatched,194
242,27402,23lsc014,23-LSC014_1,I-Incubating,NotApplicable,2023-06-28T05:42:52-08:00,2023-06-29T06:13:19-08:00,2023-06-28T05:42:47-08:00,2023-06-29T06:13:24-08:00,FALSE,6/28/2023 5:42,6/29/2023 6:13,1470.616667,24.51027778,5309.8,162.5,2023,SPEI,Destroyed,183
243,27247,22nrg021,22-NRG021_2,I-Incubating,NotApplicable,2022-07-13T05:03:09-08:00,2022-07-14T05:33:16-08:00,2022-07-13T05:03:04-08:00,2022-07-14T05:33:21-08:00,FALSE,7/13/2022 5:03,7/14/2022 5:33,1470.283333,24.50472222,17036.45,175,2022,SPEI,Hatched,201
244,25176,14smh016,14-SMH016_1,I-Incubating,NotApplicable,2014-07-06T04:01:55-08:00,2014-07-07T04:31:50-08:00,2014-07-06T05:59:49-08:00,2014-07-07T06:29:54-08:00,FALSE,7/6/2014 5:59,7/7/2014 6:29,1470.083333,24.50138889,12564.25,167.875,2014,KIEI,Hatched,195
245,21478,11des015,11-DES015_3,I-Incubating,NotApplicable,2011-07-10T07:07:28-08:00,2011-07-11T07:36:13-08:00,2011-07-10T07:35:01-08:00,2011-07-11T08:03:54-08:00,FALSE,7/10/2011 7:35,7/11/2011 8:03,1468.883333,24.48138889,23068.58333,167,2011,KIEI,Hatched,194
246,25974,19cht010,19-CHT010_3,I-Incubating,NotApplicable,2019-07-04T06:45:37-08:00,2019-07-05T07:13:54-08:00,2019-07-04T06:45:32-08:00,2019-07-05T07:13:59-08:00,FALSE,7/4/2019 6:45,7/5/2019 7:13,1468.45,24.47416667,20017.1,161.8333333,2019,KIEI,Hatched,190
247,26181,19cht024,19-CHT024_1,I-Incubating,NotApplicable,2019-07-03T04:38:39-08:00,2019-07-04T05:04:26-08:00,2019-07-03T04:44:52-08:00,2019-07-04T05:10:49-08:00,FALSE,7/3/2019 4:44,7/4/2019 5:10,1465.95,24.4325,15640.65,167,2019,SPEI,Hatched,194
248,27234,22esw041,22-ESW041_2,I-Incubating,NotApplicable,2022-07-13T11:07:20-08:00,2022-07-14T11:30:57-08:00,2022-07-13T11:07:15-08:00,2022-07-14T11:31:02-08:00,FALSE,7/13/2022 11:07,7/14/2022 11:31,1463.783333,24.39638889,23844.31667,172.5,2022,KIEI,Destroyed,199
249,25527,14mwm015,14-MWM015_1,I-Incubating,NotApplicable,2014-07-04T02:21:00-08:00,2014-07-05T02:43:15-08:00,2014-07-04T05:21:45-08:00,2014-07-05T05:44:07-08:00,FALSE,7/4/2014 5:21,7/5/2014 5:44,1462.366667,24.37277778,12819.11667,168,2014,SPEI,Hatched,193
250,27471,23jan116,23-JAN116_1,I-Incubating,NotApplicable,2023-07-10T07:27:34-08:00,2023-07-11T07:49:41-08:00,2023-07-10T07:27:29-08:00,2023-07-11T07:49:46-08:00,FALSE,7/10/2023 7:27,7/11/2023 7:49,1462.283333,24.37138889,8844.333333,164,NA,NA,NA,NA
252,25187,14mtw053,14-MTW053_3,I-Incubating,NotApplicable,2014-07-09T05:53:00-08:00,2014-07-10T06:08:30-08:00,2014-07-09T05:52:52-08:00,2014-07-10T06:08:37-08:00,FALSE,7/9/2014 5:52,7/10/2014 6:08,1455.75,24.2625,13902.11667,167.8958333,2014,SPEI,Hatched,196
253,28122,25cbp038,25-CBP038,I-Incubating,NotApplicable,2025-07-07T08:10:23-08:00,2025-07-08T08:16:40-08:00,2025-07-07T08:10:18-08:00,2025-07-08T08:16:45-08:00,FALSE,7/7/2025 8:10,7/8/2025 8:16,1446.45,24.1075,17082.13333,175,2025,KIEI,Hatched,201
254,28047,24jan109,24-JAN109_1,I-Incubating,NotApplicable,2024-07-10T06:56:54-08:00,2024-07-11T07:01:41-08:00,2024-07-10T06:56:49-08:00,2024-07-11T07:01:46-08:00,FALSE,7/10/2024 6:56,7/11/2024 7:01,1444.95,24.0825,17687.83333,169,NA,NA,NA,NA
255,27987,24cam058,24-CAM058_1,I-Incubating,NotApplicable,2024-07-21T08:43:42-08:00,2024-07-22T08:48:09-08:00,2024-07-21T08:43:37-08:00,2024-07-22T08:48:14-08:00,FALSE,7/21/2024 8:43,7/22/2024 8:48,1444.616667,24.07694444,27151.16667,176.75,2024,KIEI,Hatched,204
,,,,,,,,,,,,,,,,,,,,
,,,,,,,,,,,,,,,,,,,,
,,,,,,,,,,,,,,,,,,,,
,,,,,,,,,,,,,,,,,,,,
,,,,,,,,,,,,,,,,,,,,
,,,,,,,,,,,,,,,,,,,,
,,,,,,,,,,,,,,,,,,,,
,,,,,,,,,,,,,,,,,,,,
,,,,,,,,,,,,,,,,,,,,
,,,,,,,,,,,,,,,,,,,,
,,,,,,,,,,,,,,,,,,,,
,,,,,,,,,,,,,,,,,,,,
,,,,,,,,,,,,,,,,,,,,
,,,,,,,,,,,,,,,,,,,,
,,,,,,,,,,,,,,,,,,,,
,,,,,,,,,,,,,,,,,,,,
