"","activity_id","nest_id","video_id","behavior","recess_cause","datetime_begin_raw","datetime_end_raw","datetime_begin_corrected","datetime_end_corrected","has_negative_duration","begin_dt","end_dt","duration_min","duration_hr"
"1",28130,"25ejs077","25-EJS077","I-Incubating","NotApplicable","2025-07-09T05:28:14-08:00","2025-07-15T03:34:15-08:00","2025-07-09T05:28:09-08:00","2025-07-15T03:34:20-08:00",FALSE,2025-07-09 05:28:09,2025-07-15 03:34:20,8526.18333333333,142.103055555556
"2",27973,"24cam058","24-CAM058_1","I-Incubating","NotApplicable","2024-07-11T04:45:02-08:00","2024-07-16T03:26:27-08:00","2024-07-11T04:44:57-08:00","2024-07-16T03:26:32-08:00",FALSE,2024-07-11 04:44:57,2024-07-16 03:26:32,7121.58333333333,118.693055555556
"3",27922,"24akm020","24-AKM020_1","I-Incubating","NotApplicable","2024-07-05T03:58:25-08:00","2024-07-10T02:33:50-08:00","2024-07-05T03:58:20-08:00","2024-07-10T02:33:55-08:00",FALSE,2024-07-05 03:58:20,2024-07-10 02:33:55,7115.58333333333,118.593055555556
"4",27435,"23jls040","23-JLS040_1","I-Incubating","NotApplicable","2023-07-01T10:07:35-08:00","2023-07-06T08:04:29-08:00","2023-07-01T10:07:30-08:00","2023-07-06T08:04:34-08:00",FALSE,2023-07-01 10:07:30,2023-07-06 08:04:34,7077.06666666667,117.951111111111
"5",27267,"22jam031","22-JAM031_2","I-Incubating","NotApplicable","2022-07-10T05:38:23-08:00","2022-07-14T10:23:01-08:00","2022-07-10T05:38:18-08:00","2022-07-14T10:23:06-08:00",FALSE,2022-07-10 05:38:18,2022-07-14 10:23:06,6044.8,100.746666666667
"6",27924,"24akm020","24-AKM020_1","I-Incubating","NotApplicable","2024-07-10T02:50:10-08:00","2024-07-14T05:03:38-08:00","2024-07-10T02:50:05-08:00","2024-07-14T05:03:43-08:00",FALSE,2024-07-10 02:50:05,2024-07-14 05:03:43,5893.63333333333,98.2272222222222
"7",27271,"22jam031","22-JAM031_2","I-Incubating","NotApplicable","2022-07-17T03:58:32-08:00","2022-07-21T06:11:50-08:00","2022-07-17T03:58:27-08:00","2022-07-21T06:11:55-08:00",FALSE,2022-07-17 03:58:27,2022-07-21 06:11:55,5893.46666666667,98.2244444444444
"8",27547,"23kwm086","23-KWM086_1","I-Incubating","NotApplicable","2023-07-02T08:57:16-08:00","2023-07-06T09:12:44-08:00","2023-07-02T08:57:11-08:00","2023-07-06T09:12:49-08:00",FALSE,2023-07-02 08:57:11,2023-07-06 09:12:49,5775.63333333333,96.2605555555556
"9",27084,"22jam031","22-JAM031_1","I-Incubating","NotApplicable","2022-07-04T08:25:42-08:00","2022-07-08T04:21:20-08:00","2022-07-04T08:25:37-08:00","2022-07-08T04:21:20-08:00",FALSE,2022-07-04 08:25:37,2022-07-08 04:21:20,5515.71666666667,91.9286111111111
"10",28111,"25ejs077","25-EJS077","I-Incubating","NotApplicable","2025-07-05T06:42:37-08:00","2025-07-09T01:46:14-08:00","2025-07-05T06:42:32-08:00","2025-07-09T01:46:19-08:00",FALSE,2025-07-05 06:42:32,2025-07-09 01:46:19,5463.78333333333,91.0630555555556
"11",27437,"23jls040","23-JLS040_1","I-Incubating","NotApplicable","2023-07-06T08:20:59-08:00","2023-07-10T03:06:45-08:00","2023-07-06T08:20:54-08:00","2023-07-10T03:06:50-08:00",FALSE,2023-07-06 08:20:54,2023-07-10 03:06:50,5445.93333333333,90.7655555555556
"12",27455,"23jan134","23-JAN134_1","I-Incubating","NotApplicable","2023-07-07T08:59:34-08:00","2023-07-11T03:24:22-08:00","2023-07-07T08:59:29-08:00","2023-07-11T03:24:27-08:00",FALSE,2023-07-07 08:59:29,2023-07-11 03:24:27,5424.96666666667,90.4161111111111
"13",22625,"13crg028","13-CRG028_1","I-Incubating","NotApplicable","2013-07-04T07:15:45-08:00","2013-07-07T23:35:15-08:00","2013-07-04T07:17:20-08:00","2013-07-07T23:37:05-08:00",FALSE,2013-07-04 07:17:20,2013-07-07 23:37:05,5299.75,88.3291666666667
"14",27947,"24akm052","24-AKM052_1","I-Incubating","NotApplicable","2024-07-04T07:18:44-08:00","2024-07-07T18:56:02-08:00","2024-07-04T07:18:39-08:00","2024-07-07T18:56:07-08:00",FALSE,2024-07-04 07:18:39,2024-07-07 18:56:07,5017.46666666667,83.6244444444444
"15",25967,"19cht010","19-CHT010_2","I-Incubating","NotApplicable","2019-06-27T12:52:26-08:00","2019-06-30T23:11:04-08:00","2019-06-27T12:52:21-08:00","2019-06-30T23:11:09-08:00",FALSE,2019-06-27 12:52:21,2019-06-30 23:11:09,4938.8,82.3133333333333
"16",27735,"23drs084","23-DRS084_1","I-Incubating","NotApplicable","2023-07-09T07:39:03-08:00","2023-07-12T13:12:14-08:00","2023-07-09T07:38:58-08:00","2023-07-12T13:12:19-08:00",FALSE,2023-07-09 07:38:58,2023-07-12 13:12:19,4653.35,77.5558333333333
"17",27763,"23drs086","23-DRS086_1","I-Incubating","NotApplicable","2023-07-04T05:15:36-08:00","2023-07-07T09:16:37-08:00","2023-07-04T05:15:31-08:00","2023-07-07T09:16:42-08:00",FALSE,2023-07-04 05:15:31,2023-07-07 09:16:42,4561.18333333333,76.0197222222222
"18",27507,"23hec144","23-HEC144_1","I-Incubating","NotApplicable","2023-07-02T03:42:36-08:00","2023-07-05T07:42:17-08:00","2023-07-02T03:42:31-08:00","2023-07-05T07:42:22-08:00",FALSE,2023-07-02 03:42:31,2023-07-05 07:42:22,4559.85,75.9975
"19",27965,"24cam058","24-CAM058_1","I-Incubating","NotApplicable","2024-07-05T04:23:42-08:00","2024-07-08T07:04:12-08:00","2024-07-05T04:23:37-08:00","2024-07-08T07:04:17-08:00",FALSE,2024-07-05 04:23:37,2024-07-08 07:04:17,4480.66666666667,74.6777777777778
"20",27556,"23kwm086","23-KWM086_1","I-Incubating","NotApplicable","2023-07-08T08:35:48-08:00","2023-07-11T09:39:29-08:00","2023-07-08T08:35:43-08:00","2023-07-11T09:39:34-08:00",FALSE,2023-07-08 08:35:43,2023-07-11 09:39:34,4383.85,73.0641666666667
"21",22464,"12keo001","12-KEO001_1","I-Incubating","NotApplicable","2012-06-22T06:30:15-08:00","2012-06-25T07:09:45-08:00","2012-06-22T06:39:43-08:00","2012-06-25T07:19:28-08:00",FALSE,2012-06-22 06:39:43,2012-06-25 07:19:28,4359.75,72.6625
"22",27089,"22nrg021","22-NRG021_1","I-Incubating","NotApplicable","2022-07-10T04:10:50-08:00","2022-07-13T04:45:11-08:00","2022-07-10T04:10:45-08:00","2022-07-13T04:45:16-08:00",FALSE,2022-07-10 04:10:45,2022-07-13 04:45:16,4354.51666666667,72.5752777777778
"23",25056,"14eeu038","14-EEU038_1","I-Incubating","NotApplicable","1999-12-31T15:13:56-09:00","2000-01-03T14:38:11-09:00","2014-07-05T11:23:23-08:00","2014-07-08T10:47:53-08:00",FALSE,2014-07-05 11:23:23,2014-07-08 10:47:53,4284.5,71.4083333333333
"24",25204,"14mwm015","14-MWM015_1","I-Incubating","NotApplicable","2014-07-05T02:54:30-08:00","2014-07-08T01:42:30-08:00","2014-07-05T05:55:07-08:00","2014-07-08T04:43:22-08:00",FALSE,2014-07-05 05:55:07,2014-07-08 04:43:22,4248.25,70.8041666666667
"25",25538,"14mwm054","14-MWM054_2","I-Incubating","NotApplicable","2014-07-05T07:04:36-08:00","2014-07-08T05:52:21-08:00","2014-07-05T10:50:00-08:00","2014-07-08T09:37:52-08:00",FALSE,2014-07-05 10:50:00,2014-07-08 09:37:52,4247.86666666667,70.7977777777778
"26",27467,"23jan116","23-JAN116_1","I-Incubating","NotApplicable","2023-07-06T08:52:48-08:00","2023-07-09T06:48:38-08:00","2023-07-06T08:52:43-08:00","2023-07-09T06:48:43-08:00",FALSE,2023-07-06 08:52:43,2023-07-09 06:48:43,4196,69.9333333333333
"27",21483,"11est009","11-EST009_3","I-Incubating","NotApplicable","2011-07-02T06:41:05-08:00","2011-07-05T04:35:20-08:00","2011-07-02T06:58:17-08:00","2011-07-05T04:52:47-08:00",FALSE,2011-07-02 06:58:17,2011-07-05 04:52:47,4194.5,69.9083333333333
"28",27451,"23jan134","23-JAN134_1","I-Incubating","NotApplicable","2023-07-03T07:10:26-08:00","2023-07-06T04:36:57-08:00","2023-07-03T07:10:21-08:00","2023-07-06T04:37:02-08:00",FALSE,2023-07-03 07:10:21,2023-07-06 04:37:02,4166.68333333333,69.4447222222222
"29",25362,"13deg044","13-DEG044_1","I-Incubating","NotApplicable","2013-07-02T13:26:22-08:00","2013-07-05T10:22:37-08:00","2013-07-02T15:09:38-08:00","2013-07-05T12:06:00-08:00",FALSE,2013-07-02 15:09:38,2013-07-05 12:06:00,4136.36666666667,68.9394444444444
"30",26243,"19noc017","19-NOC017_1","I-Incubating","NotApplicable","2019-06-26T09:33:21-08:00","2019-06-29T06:25:41-08:00","2019-06-26T09:33:16-08:00","2019-06-29T06:25:46-08:00",FALSE,2019-06-26 09:33:16,2019-06-29 06:25:46,4132.5,68.875
"31",27072,"22esw041","22-ESW041_1","I-Incubating","NotApplicable","2022-07-05T07:54:03-08:00","2022-07-08T04:31:24-08:00","2022-07-05T07:53:58-08:00","2022-07-08T04:31:29-08:00",FALSE,2022-07-05 07:53:58,2022-07-08 04:31:29,4117.51666666667,68.6252777777778
"32",25955,"11est009","11-EST009_2","I-Incubating","NotApplicable","2011-06-27T09:17:20-08:00","2011-06-30T05:41:35-08:00","2011-06-27T09:34:32-08:00","2011-06-30T05:59:02-08:00",FALSE,2011-06-27 09:34:32,2011-06-30 05:59:02,4104.5,68.4083333333333
"33",27257,"22nrg021","22-NRG021_2","I-Incubating","NotApplicable","2022-07-17T06:17:37-08:00","2022-07-20T01:55:48-08:00","2022-07-17T06:17:32-08:00","2022-07-20T01:55:53-08:00",FALSE,2022-07-17 06:17:32,2022-07-20 01:55:53,4058.35,67.6391666666667
"34",27236,"22esw041","22-ESW041_2","I-Incubating","NotApplicable","2022-07-14T11:57:27-08:00","2022-07-17T04:21:28-08:00","2022-07-14T11:57:22-08:00","2022-07-17T04:21:33-08:00",FALSE,2022-07-14 11:57:22,2022-07-17 04:21:33,3864.18333333333,64.4030555555556
"35",27269,"22jam031","22-JAM031_2","I-Incubating","NotApplicable","2022-07-14T10:36:21-08:00","2022-07-17T02:52:22-08:00","2022-07-14T10:36:16-08:00","2022-07-17T02:52:27-08:00",FALSE,2022-07-14 10:36:16,2022-07-17 02:52:27,3856.18333333333,64.2697222222222
"36",21458,"11caa001",NA,"I-Incubating","NotApplicable","2011-06-29T22:47:30-08:00","2011-07-02T13:29:45-08:00","2011-06-29T22:47:22-08:00","2011-07-02T13:29:52-08:00",FALSE,2011-06-29 22:47:22,2011-07-02 13:29:52,3762.5,62.7083333333333
"37",28153,"25cbp038","25-CBP038","I-Incubating","NotApplicable","2025-07-15T11:17:08-08:00","2025-07-18T01:53:49-08:00","2025-07-15T11:17:03-08:00","2025-07-18T01:53:54-08:00",FALSE,2025-07-15 11:17:03,2025-07-18 01:53:54,3756.85,62.6141666666667
"38",21491,"11jmc002",NA,"I-Incubating","NotApplicable","2011-06-27T09:00:34-08:00","2011-06-29T23:03:47-08:00","2011-06-27T09:00:26-08:00","2011-06-29T23:03:54-08:00",FALSE,2011-06-27 09:00:26,2011-06-29 23:03:54,3723.46666666667,62.0577777777778
"39",22524,"13deg044","13-DEG044_3","I-Incubating","NotApplicable","2013-07-09T07:02:10-08:00","2013-07-11T20:56:40-08:00","2013-07-09T08:45:17-08:00","2013-07-11T22:40:02-08:00",FALSE,2013-07-09 08:45:17,2013-07-11 22:40:02,3714.75,61.9125
"40",28055,"24jan109","24-JAN109_1","I-Incubating","NotApplicable","2024-07-13T02:23:25-08:00","2024-07-15T13:17:19-08:00","2024-07-13T02:23:20-08:00","2024-07-15T13:17:24-08:00",FALSE,2024-07-13 02:23:20,2024-07-15 13:17:24,3534.06666666667,58.9011111111111
"41",22527,"13deg047","13-DEG047_1","I-Incubating","NotApplicable","2013-07-11T02:27:56-08:00","2013-07-13T13:14:56-08:00","2013-07-11T06:07:29-08:00","2013-07-13T16:54:44-08:00",FALSE,2013-07-11 06:07:29,2013-07-13 16:54:44,3527.25,58.7875
"42",25261,"19noc018","19-NOC018_1","I-Incubating","NotApplicable","2019-07-04T05:11:41-08:00","2019-07-06T15:39:34-08:00","2019-07-04T05:06:27-08:00","2019-07-06T15:34:30-08:00",FALSE,2019-07-04 05:06:27,2019-07-06 15:34:30,3508.05,58.4675
"43",22304,"12mtw040","12-MTW040_1","I-Incubating","NotApplicable","2012-07-02T09:15:10-08:00","2012-07-04T17:56:55-08:00","2012-07-02T09:25:47-08:00","2012-07-04T18:07:47-08:00",FALSE,2012-07-02 09:25:47,2012-07-04 18:07:47,3402,56.7
"44",23005,"15qmb003","15-QMB003_1","I-Incubating","NotApplicable","2015-07-01T13:04:15-08:00","2015-07-03T20:03:15-08:00","2015-07-01T12:50:07-08:00","2015-07-03T19:49:22-08:00",FALSE,2015-07-01 12:50:07,2015-07-03 19:49:22,3299.25,54.9875
"45",27491,"23jan038","23-JAN038_1","I-Incubating","NotApplicable","2023-06-29T06:23:37-08:00","2023-07-01T11:03:22-08:00","2023-06-29T06:23:32-08:00","2023-07-01T11:03:27-08:00",FALSE,2023-06-29 06:23:32,2023-07-01 11:03:27,3159.91666666667,52.6652777777778
"46",25315,"12rrg007","12-RRG007_1","I-Incubating","NotApplicable","2012-06-25T22:41:13-08:00","2012-06-28T02:41:28-08:00","2012-06-26T00:15:02-08:00","2012-06-28T04:15:32-08:00",FALSE,2012-06-26 00:15:02,2012-06-28 04:15:32,3120.5,52.0083333333333
"47",27583,"23drs009","23-DRS009_1","I-Incubating","NotApplicable","2013-01-17T18:31:30-09:00","2013-01-19T22:18:03-09:00","2023-06-22T22:23:31-08:00","2023-06-25T02:10:14-08:00",FALSE,2023-06-22 22:23:31,2023-06-25 02:10:14,3106.71666666667,51.7786111111111
"48",27727,"23drs084","23-DRS084_1","I-Incubating","NotApplicable","2023-07-04T05:04:39-08:00","2023-07-06T08:36:13-08:00","2023-07-04T05:04:34-08:00","2023-07-06T08:36:18-08:00",FALSE,2023-07-04 05:04:34,2023-07-06 08:36:18,3091.73333333333,51.5288888888889
"49",25959,"11est009","11-EST009_4","I-Incubating","NotApplicable","2011-07-07T02:05:13-08:00","2011-07-09T05:08:28-08:00","2011-07-07T02:22:33-08:00","2011-07-09T05:25:48-08:00",FALSE,2011-07-07 02:22:33,2011-07-09 05:25:48,3063.25,51.0541666666667
"50",21808,"11mcz010",NA,"I-Incubating","NotApplicable","2011-07-01T11:12:41-08:00","2011-07-03T14:01:49-08:00","2011-07-01T11:12:33-08:00","2011-07-03T14:01:56-08:00",FALSE,2011-07-01 11:12:33,2011-07-03 14:01:56,3049.38333333333,50.8230555555556
"51",21459,"11caa001",NA,"I-Incubating","NotApplicable","2011-07-02T13:41:15-08:00","2011-07-04T16:29:15-08:00","2011-07-02T13:41:07-08:00","2011-07-04T16:29:22-08:00",FALSE,2011-07-02 13:41:07,2011-07-04 16:29:22,3048.25,50.8041666666667
"52",27902,"24akm020","24-AKM020_1","I-Incubating","NotApplicable","2024-06-27T02:45:19-08:00","2024-06-29T05:28:33-08:00","2024-06-27T02:45:14-08:00","2024-06-29T05:28:38-08:00",FALSE,2024-06-27 02:45:14,2024-06-29 05:28:38,3043.4,50.7233333333333
"53",21805,"11mcz010",NA,"I-Incubating","NotApplicable","2011-06-26T11:11:59-08:00","2011-06-28T13:48:29-08:00","2011-06-26T11:11:51-08:00","2011-06-28T13:48:36-08:00",FALSE,2011-06-26 11:11:51,2011-06-28 13:48:36,3036.75,50.6125
"54",27898,"24akm020","24-AKM020_1","I-Incubating","NotApplicable","2024-06-24T05:47:49-08:00","2024-06-26T08:14:33-08:00","2024-06-24T05:47:44-08:00","2024-06-26T08:14:38-08:00",FALSE,2024-06-24 05:47:44,2024-06-26 08:14:38,3026.9,50.4483333333333
"55",25363,"13deg044","13-DEG044_2","I-Incubating","NotApplicable","2013-07-07T04:01:45-08:00","2013-07-09T06:15:00-08:00","2013-07-07T05:45:01-08:00","2013-07-09T07:58:16-08:00",FALSE,2013-07-07 05:45:01,2013-07-09 07:58:16,3013.25,50.2208333333333
"56",28143,"25cbp038","25-CBP038","I-Incubating","NotApplicable","2025-07-13T04:33:34-08:00","2025-07-15T06:44:48-08:00","2025-07-13T04:33:29-08:00","2025-07-15T06:44:53-08:00",FALSE,2025-07-13 04:33:29,2025-07-15 06:44:53,3011.4,50.19
"57",25194,"14mtw053","14-MTW053_4","I-Incubating","NotApplicable","2014-07-12T11:29:30-08:00","2014-07-14T13:27:00-08:00","2014-07-12T11:29:22-08:00","2014-07-14T13:27:07-08:00",FALSE,2014-07-12 11:29:22,2014-07-14 13:27:07,2997.75,49.9625
"58",22489,"12jjn009","12-JJN009_4","I-Incubating","NotApplicable","2012-07-07T04:44:55-08:00","2012-07-09T06:41:25-08:00","2012-07-07T07:44:37-08:00","2012-07-09T09:41:22-08:00",FALSE,2012-07-07 07:44:37,2012-07-09 09:41:22,2996.75,49.9458333333333
"59",21893,"11ncs003","11-NCS003_1","I-Incubating","NotApplicable","2011-06-21T08:25:30-08:00","2011-06-23T10:08:00-08:00","2011-06-22T08:30:38-08:00","2011-06-24T10:13:23-08:00",FALSE,2011-06-22 08:30:38,2011-06-24 10:13:23,2982.75,49.7125
"60",28131,"25cbp040","25-CBP040","I-Incubating","NotApplicable","2025-07-09T05:55:15-08:00","2025-07-11T07:14:39-08:00","2025-07-09T05:55:10-08:00","2025-07-11T07:14:44-08:00",FALSE,2025-07-09 05:55:10,2025-07-11 07:14:44,2959.56666666667,49.3261111111111
"61",27904,"24akm020","24-AKM020_1","I-Incubating","NotApplicable","2024-06-29T05:45:23-08:00","2024-07-01T06:42:57-08:00","2024-06-29T05:45:18-08:00","2024-07-01T06:43:02-08:00",FALSE,2024-06-29 05:45:18,2024-07-01 06:43:02,2937.73333333333,48.9622222222222
"62",27067,"22esw041","22-ESW041_1","I-Incubating","NotApplicable","2022-07-02T06:56:03-08:00","2022-07-04T07:51:37-08:00","2022-07-02T06:55:58-08:00","2022-07-04T07:51:42-08:00",FALSE,2022-07-02 06:55:58,2022-07-04 07:51:42,2935.73333333333,48.9288888888889
"63",22720,"15ery012","15-ERY012_1","I-Incubating","NotApplicable","2015-06-28T10:03:45-08:00","2015-06-30T10:51:08-08:00","2015-06-28T10:03:37-08:00","2015-06-30T10:51:08-08:00",FALSE,2015-06-28 10:03:37,2015-06-30 10:51:08,2927.51666666667,48.7919444444444
"64",27577,"23drs009","23-DRS009_1","I-Incubating","NotApplicable","2013-01-14T20:24:29-09:00","2013-01-16T21:11:03-09:00","2023-06-20T00:16:30-08:00","2023-06-22T01:03:14-08:00",FALSE,2023-06-20 00:16:30,2023-06-22 01:03:14,2926.73333333333,48.7788888888889
"65",22306,"12mtw040","12-MTW040_2","I-Incubating","NotApplicable","2012-07-06T22:32:18-08:00","2012-07-08T23:17:03-08:00","2012-07-06T22:54:55-08:00","2012-07-08T23:39:55-08:00",FALSE,2012-07-06 22:54:55,2012-07-08 23:39:55,2925,48.75
"66",27967,"24cam058","24-CAM058_1","I-Incubating","NotApplicable","2024-07-08T07:13:22-08:00","2024-07-10T07:54:45-08:00","2024-07-08T07:13:17-08:00","2024-07-10T07:54:50-08:00",FALSE,2024-07-08 07:13:17,2024-07-10 07:54:50,2921.55,48.6925
"67",27782,"23drs087","23-DRS087_1","I-Incubating","NotApplicable","2023-07-09T02:46:22-08:00","2023-07-11T03:25:56-08:00","2023-07-09T02:46:17-08:00","2023-07-11T03:26:01-08:00",FALSE,2023-07-09 02:46:17,2023-07-11 03:26:01,2919.73333333333,48.6622222222222
"68",25186,"14mtw053","14-MTW053_3","I-Incubating","NotApplicable","2014-07-07T04:36:45-08:00","2014-07-09T05:15:00-08:00","2014-07-07T04:36:37-08:00","2014-07-09T05:15:07-08:00",FALSE,2014-07-07 04:36:37,2014-07-09 05:15:07,2918.5,48.6416666666667
"69",26228,"19cht036","19-CHT036_1","I-Incubating","NotApplicable","2019-07-06T06:01:25-08:00","2019-07-08T06:37:29-08:00","2019-07-06T06:04:49-08:00","2019-07-08T06:41:03-08:00",FALSE,2019-07-06 06:04:49,2019-07-08 06:41:03,2916.23333333333,48.6038888888889
"70",21809,"11mcz010",NA,"I-Incubating","NotApplicable","2011-07-03T14:07:56-08:00","2011-07-05T14:32:56-08:00","2011-07-03T14:07:48-08:00","2011-07-05T14:33:03-08:00",FALSE,2011-07-03 14:07:48,2011-07-05 14:33:03,2905.25,48.4208333333333
"71",27265,"22jam031","22-JAM031_2","I-Incubating","NotApplicable","2022-07-08T04:57:59-08:00","2022-07-10T05:18:13-08:00","2022-07-08T04:57:54-08:00","2022-07-10T05:18:18-08:00",FALSE,2022-07-08 04:57:54,2022-07-10 05:18:18,2900.4,48.34
"72",22721,"15ery012","15-ERY012_2","I-Incubating","NotApplicable","2015-07-01T09:07:45-08:00","2015-07-03T09:26:45-08:00","2015-07-01T09:07:37-08:00","2015-07-03T09:26:52-08:00",FALSE,2015-07-01 09:07:37,2015-07-03 09:26:52,2899.25,48.3208333333333
"73",22518,"13deg023","13-DEG023_1","I-Incubating","NotApplicable","2013-07-04T02:49:30-08:00","2013-07-06T03:05:15-08:00","2013-07-04T02:31:34-08:00","2013-07-06T02:47:34-08:00",FALSE,2013-07-04 02:31:34,2013-07-06 02:47:34,2896,48.2666666666667
"74",27575,"23drs009","23-DRS009_1","I-Incubating","NotApplicable","2013-01-12T19:52:55-09:00","2013-01-14T20:01:39-09:00","2023-06-17T23:44:56-08:00","2023-06-19T23:53:50-08:00",FALSE,2023-06-17 23:44:56,2023-06-19 23:53:50,2888.9,48.1483333333333
"75",27996,"24jan015","24-JAN015_1","I-Incubating","NotApplicable","2024-06-22T08:10:48-08:00","2024-06-24T08:18:21-08:00","2024-06-22T08:10:43-08:00","2024-06-24T08:18:26-08:00",FALSE,2024-06-22 08:10:43,2024-06-24 08:18:26,2887.71666666667,48.1286111111111
"76",28039,"24jan109","24-JAN109_1","I-Incubating","NotApplicable","2024-07-04T05:50:52-08:00","2024-07-06T05:55:56-08:00","2024-07-04T05:50:47-08:00","2024-07-06T05:56:01-08:00",FALSE,2024-07-04 05:50:47,2024-07-06 05:56:01,2885.23333333333,48.0872222222222
"77",26303,"19nrg046","19-NRG046_2","I-Incubating","NotApplicable","2019-07-03T07:50:02-08:00","2019-07-05T07:39:56-08:00","2019-07-03T07:54:06-08:00","2019-07-05T07:44:10-08:00",FALSE,2019-07-03 07:54:06,2019-07-05 07:44:10,2870.06666666667,47.8344444444444
"78",27509,"23hec144","23-HEC144_1","I-Incubating","NotApplicable","2023-07-05T07:52:47-08:00","2023-07-07T07:19:11-08:00","2023-07-05T07:52:42-08:00","2023-07-07T07:19:16-08:00",FALSE,2023-07-05 07:52:42,2023-07-07 07:19:16,2846.56666666667,47.4427777777778
"79",27998,"24jan015","24-JAN015_1","I-Incubating","NotApplicable","2024-06-24T08:37:21-08:00","2024-06-26T07:55:05-08:00","2024-06-24T08:37:16-08:00","2024-06-26T07:55:10-08:00",FALSE,2024-06-24 08:37:16,2024-06-26 07:55:10,2837.9,47.2983333333333
"80",22495,"12jjn017","12-JJN017_1","I-Incubating","NotApplicable","2012-06-23T12:25:15-08:00","2012-06-25T11:41:30-08:00","2012-06-24T10:51:28-08:00","2012-06-26T10:07:58-08:00",FALSE,2012-06-24 10:51:28,2012-06-26 10:07:58,2836.5,47.275
"81",23081,"16fox002","16-FOX002_1","I-Incubating","NotApplicable","2016-06-17T09:23:00-08:00","2016-06-19T08:37:30-08:00","2016-06-17T09:19:11-08:00","2016-06-19T08:33:56-08:00",FALSE,2016-06-17 09:19:11,2016-06-19 08:33:56,2834.75,47.2458333333333
"82",22723,"15ery012","15-ERY012_2","I-Incubating","NotApplicable","2015-07-04T07:35:45-08:00","2015-07-06T06:39:15-08:00","2015-07-04T07:35:37-08:00","2015-07-06T06:39:22-08:00",FALSE,2015-07-04 07:35:37,2015-07-06 06:39:22,2823.75,47.0625
"83",22506,"12rrg007","12-RRG007_2","I-Incubating","NotApplicable","2012-07-01T06:44:10-08:00","2012-07-03T05:40:10-08:00","2012-07-01T07:09:51-08:00","2012-07-03T06:06:06-08:00",FALSE,2012-07-01 07:09:51,2012-07-03 06:06:06,2816.25,46.9375
"84",21474,"11des015","11-DES015_3","I-Incubating","NotApplicable","2011-07-07T08:11:13-08:00","2011-07-09T06:58:13-08:00","2011-07-07T08:38:46-08:00","2011-07-09T07:26:01-08:00",FALSE,2011-07-07 08:38:46,2011-07-09 07:26:01,2807.25,46.7875
"85",27674,"23agc030","23-AGC030_1","I-Incubating","NotApplicable","2023-07-05T06:02:57-08:00","2023-07-07T04:33:31-08:00","2023-07-05T06:02:52-08:00","2023-07-07T04:33:36-08:00",FALSE,2023-07-05 06:02:52,2023-07-07 04:33:36,2790.73333333333,46.5122222222222
"86",27232,"22esw041","22-ESW041_2","I-Incubating","NotApplicable","2022-07-11T12:17:56-08:00","2022-07-13T10:47:10-08:00","2022-07-11T12:17:51-08:00","2022-07-13T10:47:15-08:00",FALSE,2022-07-11 12:17:51,2022-07-13 10:47:15,2789.4,46.49
"87",26286,"19nrg046","19-NRG046_1","I-Incubating","NotApplicable","2019-06-26T07:55:21-08:00","2019-06-28T06:23:25-08:00","2019-06-26T07:59:25-08:00","2019-06-28T06:27:39-08:00",FALSE,2019-06-26 07:59:25,2019-06-28 06:27:39,2788.23333333333,46.4705555555555
"88",25965,"19cht010","19-CHT010_2","I-Incubating","NotApplicable","2019-06-25T14:06:01-08:00","2019-06-27T12:33:46-08:00","2019-06-25T14:06:01-08:00","2019-06-27T12:33:51-08:00",FALSE,2019-06-25 14:06:01,2019-06-27 12:33:51,2787.83333333333,46.4638888888889
"89",28088,"24mle091","24-MLE091_1","I-Incubating","NotApplicable","2024-07-08T09:27:58-08:00","2024-07-10T07:45:22-08:00","2024-07-08T09:27:53-08:00","2024-07-10T07:45:27-08:00",FALSE,2024-07-08 09:27:53,2024-07-10 07:45:27,2777.56666666667,46.2927777777778
"90",26245,"19noc017","19-NOC017_1","I-Incubating","NotApplicable","2019-06-29T06:26:41-08:00","2019-07-01T04:40:35-08:00","2019-06-29T06:26:36-08:00","2019-07-01T04:40:40-08:00",FALSE,2019-06-29 06:26:36,2019-07-01 04:40:40,2774.06666666667,46.2344444444444
"91",27963,"24cam058","24-CAM058_1","I-Incubating","NotApplicable","2024-07-03T06:15:37-08:00","2024-07-05T04:17:32-08:00","2024-07-03T06:15:37-08:00","2024-07-05T04:17:37-08:00",FALSE,2024-07-03 06:15:37,2024-07-05 04:17:37,2762,46.0333333333333
"92",25057,"14eeu038","14-EEU038_1","I-Incubating","NotApplicable","2000-01-03T14:46:11-09:00","2000-01-05T12:46:11-09:00","2014-07-08T10:55:38-08:00","2014-07-10T08:55:53-08:00",FALSE,2014-07-08 10:55:38,2014-07-10 08:55:53,2760.25,46.0041666666667
"93",25177,"14smh016","14-SMH016_1","I-Incubating","NotApplicable","2014-07-07T04:44:20-08:00","2014-07-09T02:40:50-08:00","2014-07-07T06:42:09-08:00","2014-07-09T04:38:54-08:00",FALSE,2014-07-07 06:42:09,2014-07-09 04:38:54,2756.75,45.9458333333333
"94",22478,"12jjn009","12-JJN009_1","I-Incubating","NotApplicable","2012-06-21T10:23:44-08:00","2012-06-23T08:14:29-08:00","2012-06-21T10:36:33-08:00","2012-06-23T08:27:33-08:00",FALSE,2012-06-21 10:36:33,2012-06-23 08:27:33,2751,45.85
"95",28043,"24jan109","24-JAN109_1","I-Incubating","NotApplicable","2024-07-08T04:05:40-08:00","2024-07-10T01:50:14-08:00","2024-07-08T04:05:35-08:00","2024-07-10T01:50:19-08:00",FALSE,2024-07-08 04:05:35,2024-07-10 01:50:19,2744.73333333333,45.7455555555556
"96",28041,"24jan109","24-JAN109_1","I-Incubating","NotApplicable","2024-07-06T06:15:56-08:00","2024-07-08T03:39:30-08:00","2024-07-06T06:15:51-08:00","2024-07-08T03:39:35-08:00",FALSE,2024-07-06 06:15:51,2024-07-08 03:39:35,2723.73333333333,45.3955555555556
"97",28102,"24mle091","24-MLE091_1","I-Incubating","NotApplicable","2024-07-13T10:14:33-08:00","2024-07-15T07:35:07-08:00","2024-07-13T10:14:28-08:00","2024-07-15T07:35:12-08:00",FALSE,2024-07-13 10:14:28,2024-07-15 07:35:12,2720.73333333333,45.3455555555555
"98",27697,"23agc031","23-AGC031_1","I-Incubating","NotApplicable","2023-07-01T10:09:50-08:00","2023-07-03T07:17:04-08:00","2023-07-01T10:09:45-08:00","2023-07-03T07:17:09-08:00",FALSE,2023-07-01 10:09:45,2023-07-03 07:17:09,2707.4,45.1233333333333
"99",25064,"14eeu038","14-EEU038_2","I-Incubating","NotApplicable","2000-01-04T19:33:26-09:00","2000-01-06T16:32:11-09:00","2014-07-15T08:55:37-08:00","2014-07-17T05:54:37-08:00",FALSE,2014-07-15 08:55:37,2014-07-17 05:54:37,2699,44.9833333333333
"100",27765,"23drs086","23-DRS086_1","I-Incubating","NotApplicable","2023-07-07T09:25:57-08:00","2023-07-09T06:15:11-08:00","2023-07-07T09:25:52-08:00","2023-07-09T06:15:16-08:00",FALSE,2023-07-07 09:25:52,2023-07-09 06:15:16,2689.4,44.8233333333333
"101",22510,"12rrg007","12-RRG007_3","I-Incubating","NotApplicable","2012-07-06T07:04:25-08:00","2012-07-08T03:36:10-08:00","2012-07-06T09:09:06-08:00","2012-07-08T05:41:06-08:00",FALSE,2012-07-06 09:09:06,2012-07-08 05:41:06,2672,44.5333333333333
"102",21807,"11mcz010",NA,"I-Incubating","NotApplicable","2011-06-29T14:30:41-08:00","2011-07-01T10:59:11-08:00","2011-06-29T14:30:33-08:00","2011-07-01T10:59:18-08:00",FALSE,2011-06-29 14:30:33,2011-07-01 10:59:18,2668.75,44.4791666666667
"103",27955,"24akm052","24-AKM052_1","I-Incubating","NotApplicable","2024-07-10T06:54:26-08:00","2024-07-12T03:22:10-08:00","2024-07-10T06:54:21-08:00","2024-07-12T03:22:15-08:00",FALSE,2024-07-10 06:54:21,2024-07-12 03:22:15,2667.9,44.465
"104",26288,"19nrg046","19-NRG046_1","I-Incubating","NotApplicable","2019-06-28T07:47:05-08:00","2019-06-30T03:48:59-08:00","2019-06-28T07:51:09-08:00","2019-06-30T03:53:13-08:00",FALSE,2019-06-28 07:51:09,2019-06-30 03:53:13,2642.06666666667,44.0344444444444
"105",27953,"24akm052","24-AKM052_1","I-Incubating","NotApplicable","2024-07-08T10:36:02-08:00","2024-07-10T06:37:16-08:00","2024-07-08T10:35:57-08:00","2024-07-10T06:37:21-08:00",FALSE,2024-07-08 10:35:57,2024-07-10 06:37:21,2641.4,44.0233333333333
"106",23082,"16fox002","16-FOX002_1","I-Incubating","NotApplicable","2016-06-19T08:56:30-08:00","2016-06-21T04:55:30-08:00","2016-06-19T08:52:41-08:00","2016-06-21T04:51:56-08:00",FALSE,2016-06-19 08:52:41,2016-06-21 04:51:56,2639.25,43.9875
"107",25290,"12keo001","12-KEO001_2","I-Incubating","NotApplicable","2012-06-25T14:17:00-08:00","2012-06-27T10:06:00-08:00","2012-06-26T09:26:00-08:00","2012-06-28T05:15:07-08:00",FALSE,2012-06-26 09:26:00,2012-06-28 05:15:07,2629.11666666667,43.8186111111111
"108",23041,"16dcb032","16-DCB032_1","I-Incubating","NotApplicable","2016-06-29T08:17:44-08:00","2016-07-01T03:55:09-08:00","2016-06-29T08:06:05-08:00","2016-07-01T03:43:35-08:00",FALSE,2016-06-29 08:06:05,2016-07-01 03:43:35,2617.5,43.625
"109",21488,"11est009","11-EST009_5","I-Incubating","NotApplicable","2011-07-10T02:41:14-08:00","2011-07-11T22:17:29-08:00","2011-07-10T02:58:26-08:00","2011-07-11T22:34:56-08:00",FALSE,2011-07-10 02:58:26,2011-07-11 22:34:56,2616.5,43.6083333333333
"110",23048,"16dlc007","16-DLC007_1","I-Incubating","NotApplicable","2016-06-25T09:51:15-08:00","2016-06-27T05:26:30-08:00","2016-06-25T09:51:07-08:00","2016-06-27T05:26:37-08:00",FALSE,2016-06-25 09:51:07,2016-06-27 05:26:37,2615.5,43.5916666666667
"111",21804,"11mcz010",NA,"I-Incubating","NotApplicable","2011-06-24T15:34:14-08:00","2011-06-26T10:54:44-08:00","2011-06-24T15:34:06-08:00","2011-06-26T10:54:51-08:00",FALSE,2011-06-24 15:34:06,2011-06-26 10:54:51,2600.75,43.3458333333333
"112",25263,"19noc018","19-NOC018_1","I-Incubating","NotApplicable","2019-07-06T15:57:44-08:00","2019-07-08T11:06:28-08:00","2019-07-06T15:52:30-08:00","2019-07-08T11:01:24-08:00",FALSE,2019-07-06 15:52:30,2019-07-08 11:01:24,2588.9,43.1483333333333
"113",23021,"15sot010","15-SOT010_1","I-Incubating","NotApplicable","2015-07-01T10:41:15-08:00","2015-07-03T05:40:00-08:00","2015-07-01T10:41:07-08:00","2015-07-03T05:40:07-08:00",FALSE,2015-07-01 10:41:07,2015-07-03 05:40:07,2579,42.9833333333333
"114",28137,"25cbp038","25-CBP038","I-Incubating","NotApplicable","2025-07-11T09:29:40-08:00","2025-07-13T04:09:34-08:00","2025-07-11T09:29:35-08:00","2025-07-13T04:09:39-08:00",FALSE,2025-07-11 09:29:35,2025-07-13 04:09:39,2560.06666666667,42.6677777777778
"115",27251,"22nrg021","22-NRG021_2","I-Incubating","NotApplicable","2022-07-14T09:24:26-08:00","2022-07-16T03:49:10-08:00","2022-07-14T09:24:21-08:00","2022-07-16T03:49:15-08:00",FALSE,2022-07-14 09:24:21,2022-07-16 03:49:15,2544.9,42.415
"116",23074,"16fox001","16-FOX001_1","I-Incubating","NotApplicable","2016-06-17T11:37:53-08:00","2016-06-19T05:51:57-08:00","2016-06-17T11:30:39-08:00","2016-06-19T05:44:53-08:00",FALSE,2016-06-17 11:30:39,2016-06-19 05:44:53,2534.23333333333,42.2372222222222
"117",27457,"23jan134","23-JAN134_1","I-Incubating","NotApplicable","2023-07-11T03:38:02-08:00","2023-07-12T21:49:09-08:00","2023-07-11T03:37:57-08:00","2023-07-12T21:49:14-08:00",FALSE,2023-07-11 03:37:57,2023-07-12 21:49:14,2531.28333333333,42.1880555555556
"118",27928,"24akm020","24-AKM020_1","I-Incubating","NotApplicable","2024-07-14T06:02:48-08:00","2024-07-16T00:04:02-08:00","2024-07-14T06:02:43-08:00","2024-07-16T00:04:07-08:00",FALSE,2024-07-14 06:02:43,2024-07-16 00:04:07,2521.4,42.0233333333333
"119",28076,"24mle091","24-MLE091_1","I-Incubating","NotApplicable","2024-07-01T08:06:01-08:00","2024-07-03T01:37:04-08:00","2024-07-01T08:05:56-08:00","2024-07-03T01:37:09-08:00",FALSE,2024-07-01 08:05:56,2024-07-03 01:37:09,2491.21666666667,41.5202777777778
"120",22523,"13deg044","13-DEG044_1","I-Incubating","NotApplicable","2013-07-05T10:31:37-08:00","2013-07-07T04:00:07-08:00","2013-07-05T12:14:45-08:00","2013-07-07T05:43:23-08:00",FALSE,2013-07-05 12:14:45,2013-07-07 05:43:23,2488.63333333333,41.4772222222222
"121",26292,"19nrg046","19-NRG046_1","I-Incubating","NotApplicable","2019-06-30T09:24:59-08:00","2019-07-02T02:49:43-08:00","2019-06-30T09:29:03-08:00","2019-07-02T02:53:57-08:00",FALSE,2019-06-30 09:29:03,2019-07-02 02:53:57,2484.9,41.415
"122",26255,"19noc017","19-NOC017_2","I-Incubating","NotApplicable","2019-07-02T11:39:36-08:00","2019-07-04T04:56:30-08:00","2019-07-02T11:39:36-08:00","2019-07-04T04:56:35-08:00",FALSE,2019-07-02 11:39:36,2019-07-04 04:56:35,2476.98333333333,41.2830555555555
"123",27585,"23drs009","23-DRS009_1","I-Incubating","NotApplicable","2013-01-19T22:43:53-09:00","2013-01-21T15:45:07-09:00","2023-06-25T02:35:54-08:00","2023-06-26T19:37:18-08:00",FALSE,2023-06-25 02:35:54,2023-06-26 19:37:18,2461.4,41.0233333333333
"124",21449,"11caa001",NA,"I-Incubating","NotApplicable","2011-06-22T16:52:45-08:00","2011-06-24T09:48:00-08:00","2011-06-22T16:52:37-08:00","2011-06-24T09:48:07-08:00",FALSE,2011-06-22 16:52:37,2011-06-24 09:48:07,2455.5,40.925
"125",27689,"23agc031","23-AGC031_1","I-Incubating","NotApplicable","2023-06-28T07:02:59-08:00","2023-06-29T23:52:53-08:00","2023-06-28T07:02:59-08:00","2023-06-29T23:52:58-08:00",FALSE,2023-06-28 07:02:59,2023-06-29 23:52:58,2449.98333333333,40.8330555555556
"126",25972,"19cht010","19-CHT010_3","I-Incubating","NotApplicable","2019-07-02T12:55:52-08:00","2019-07-04T05:36:57-08:00","2019-07-02T12:55:52-08:00","2019-07-04T05:37:02-08:00",FALSE,2019-07-02 12:55:52,2019-07-04 05:37:02,2441.16666666667,40.6861111111111
"127",23171,"16map028","16-MAP028_1","I-Incubating","NotApplicable","2016-07-01T12:31:15-08:00","2016-07-03T04:47:15-08:00","2016-07-01T12:31:07-08:00","2016-07-03T04:47:22-08:00",FALSE,2016-07-01 12:31:07,2016-07-03 04:47:22,2416.25,40.2708333333333
"128",26203,"19cht024","19-CHT024_2","I-Incubating","NotApplicable","2019-07-11T05:53:51-08:00","2019-07-12T22:07:45-08:00","2019-07-11T06:00:04-08:00","2019-07-12T22:14:08-08:00",FALSE,2019-07-11 06:00:04,2019-07-12 22:14:08,2414.06666666667,40.2344444444444
"129",27731,"23drs084","23-DRS084_1","I-Incubating","NotApplicable","2023-07-07T12:03:30-08:00","2023-07-09T04:12:43-08:00","2023-07-07T12:03:25-08:00","2023-07-09T04:12:48-08:00",FALSE,2023-07-07 12:03:25,2023-07-09 04:12:48,2409.38333333333,40.1563888888889
"130",25062,"14eeu038","14-EEU038_2","I-Incubating","NotApplicable","2000-01-02T23:19:56-09:00","2000-01-04T15:25:26-09:00","2014-07-13T12:42:07-08:00","2014-07-15T04:47:52-08:00",FALSE,2014-07-13 12:42:07,2014-07-15 04:47:52,2405.75,40.0958333333333
"131",27780,"23drs087","23-DRS087_1","I-Incubating","NotApplicable","2023-07-07T11:26:48-08:00","2023-07-09T02:34:32-08:00","2023-07-07T11:26:43-08:00","2023-07-09T02:34:37-08:00",FALSE,2023-07-07 11:26:43,2023-07-09 02:34:37,2347.9,39.1316666666667
"132",22533,"13emw016","13-EMW016_2","I-Incubating","NotApplicable","2013-07-12T14:03:51-08:00","2013-07-14T05:07:21-08:00","2013-07-12T12:56:32-08:00","2013-07-14T04:00:10-08:00",FALSE,2013-07-12 12:56:32,2013-07-14 04:00:10,2343.63333333333,39.0605555555556
"133",26313,"19nrg046","19-NRG046_2","I-Incubating","NotApplicable","2019-07-07T10:50:40-08:00","2019-07-09T01:46:24-08:00","2019-07-07T10:54:44-08:00","2019-07-09T01:50:38-08:00",FALSE,2019-07-07 10:54:44,2019-07-09 01:50:38,2335.9,38.9316666666667
"134",27768,"23drs086","23-DRS086_1","I-Incubating","NotApplicable","2023-07-09T07:17:21-08:00","2023-07-10T21:56:45-08:00","2023-07-09T07:17:16-08:00","2023-07-10T21:56:50-08:00",FALSE,2023-07-09 07:17:16,2023-07-10 21:56:50,2319.56666666667,38.6594444444444
"135",22531,"13emw016","13-EMW016_1","I-Incubating","NotApplicable","2013-07-09T12:37:04-08:00","2013-07-11T03:04:34-08:00","2013-07-09T11:29:45-08:00","2013-07-11T01:57:30-08:00",FALSE,2013-07-09 11:29:45,2013-07-11 01:57:30,2307.75,38.4625
"136",21917,"11ncs003","11-NCS003_5","I-Incubating","NotApplicable","2011-07-08T08:45:30-08:00","2011-07-09T22:40:45-08:00","2011-07-09T08:50:38-08:00","2011-07-10T22:46:08-08:00",FALSE,2011-07-09 08:50:38,2011-07-10 22:46:08,2275.5,37.925
"137",28133,"25cbp038","25-CBP038","I-Incubating","NotApplicable","2025-07-09T21:01:23-08:00","2025-07-11T09:12:00-08:00","2025-07-09T21:01:18-08:00","2025-07-11T09:12:05-08:00",FALSE,2025-07-09 21:01:18,2025-07-11 09:12:05,2170.78333333333,36.1797222222222
"138",25374,"13emw016","13-EMW016_1","I-Incubating","NotApplicable","2013-07-06T16:05:49-08:00","2013-07-08T04:13:34-08:00","2013-07-06T14:58:38-08:00","2013-07-08T03:06:30-08:00",FALSE,2013-07-06 14:58:38,2013-07-08 03:06:30,2167.86666666667,36.1311111111111
"139",28124,"25cbp038","25-CBP038","I-Incubating","NotApplicable","2025-07-08T08:40:40-08:00","2025-07-09T20:46:13-08:00","2025-07-08T08:40:35-08:00","2025-07-09T20:46:18-08:00",FALSE,2025-07-08 08:40:35,2025-07-09 20:46:18,2165.71666666667,36.0952777777778
"140",28084,"24mle091","24-MLE091_1","I-Incubating","NotApplicable","2024-07-06T03:19:34-08:00","2024-07-07T14:51:51-08:00","2024-07-06T03:19:29-08:00","2024-07-07T14:51:56-08:00",FALSE,2024-07-06 03:19:29,2024-07-07 14:51:56,2132.45,35.5408333333333
"141",24366,"12mtw013","12-MTW013_1","I-Incubating","NotApplicable","2012-06-26T10:09:12-08:00","2012-06-27T21:29:42-08:00","2012-06-26T16:19:51-08:00","2012-06-28T03:40:36-08:00",FALSE,2012-06-26 16:19:51,2012-06-28 03:40:36,2120.75,35.3458333333333
"142",22470,"12keo001","12-KEO001_3","I-Incubating","NotApplicable","2012-07-04T04:31:15-08:00","2012-07-05T15:30:15-08:00","2012-07-04T04:33:23-08:00","2012-07-05T15:32:38-08:00",FALSE,2012-07-04 04:33:23,2012-07-05 15:32:38,2099.25,34.9875
"143",27935,"24akm051","24-AKM051_1","I-Incubating","NotApplicable","2024-07-01T04:14:55-08:00","2024-07-02T15:13:22-08:00","2024-07-01T04:14:50-08:00","2024-07-02T15:13:27-08:00",FALSE,2024-07-01 04:14:50,2024-07-02 15:13:27,2098.61666666667,34.9769444444444
"144",27943,"24akm051","24-AKM051_1","I-Incubating","NotApplicable","2024-07-05T06:01:43-08:00","2024-07-06T16:44:18-08:00","2024-07-05T06:01:38-08:00","2024-07-06T16:44:23-08:00",FALSE,2024-07-05 06:01:38,2024-07-06 16:44:23,2082.75,34.7125
"145",22521,"13deg023","13-DEG023_2","I-Incubating","NotApplicable","2013-07-07T10:07:30-08:00","2013-07-08T20:34:30-08:00","2013-07-07T09:49:34-08:00","2013-07-08T20:16:49-08:00",FALSE,2013-07-07 09:49:34,2013-07-08 20:16:49,2067.25,34.4541666666667
"146",27920,"24akm020","24-AKM020_1","I-Incubating","NotApplicable","2024-07-03T17:40:28-08:00","2024-07-05T03:50:05-08:00","2024-07-03T17:40:23-08:00","2024-07-05T03:50:10-08:00",FALSE,2024-07-03 17:40:23,2024-07-05 03:50:10,2049.78333333333,34.1630555555556
"147",27975,"24cam058","24-CAM058_1","I-Incubating","NotApplicable","2024-07-16T03:29:47-08:00","2024-07-17T12:59:04-08:00","2024-07-16T03:29:42-08:00","2024-07-17T12:59:09-08:00",FALSE,2024-07-16 03:29:42,2024-07-17 12:59:09,2009.45,33.4908333333333
"148",25299,"12keo001","12-KEO001_4","I-Incubating","NotApplicable","2012-07-07T00:49:45-08:00","2012-07-08T10:15:00-08:00","2012-07-07T00:49:37-08:00","2012-07-08T10:15:07-08:00",FALSE,2012-07-07 00:49:37,2012-07-08 10:15:07,2005.5,33.425
"149",27906,"24akm020","24-AKM020_1","I-Incubating","NotApplicable","2024-07-01T07:11:37-08:00","2024-07-02T16:31:41-08:00","2024-07-01T07:11:32-08:00","2024-07-02T16:31:46-08:00",FALSE,2024-07-01 07:11:32,2024-07-02 16:31:46,2000.23333333333,33.3372222222222
"150",22305,"12mtw040","12-MTW040_1","I-Incubating","NotApplicable","2012-07-04T18:22:55-08:00","2012-07-06T03:42:10-08:00","2012-07-04T18:33:32-08:00","2012-07-06T03:52:59-08:00",FALSE,2012-07-04 18:33:32,2012-07-06 03:52:59,1999.45,33.3241666666667
"151",25167,"14mwm054","14-MWM054_1","I-Incubating","NotApplicable","2014-07-02T17:43:08-08:00","2014-07-04T02:58:53-08:00","2014-07-02T21:25:17-08:00","2014-07-04T06:41:17-08:00",FALSE,2014-07-02 21:25:17,2014-07-04 06:41:17,1996,33.2666666666667
"152",23076,"16fox001","16-FOX001_1","I-Incubating","NotApplicable","2016-06-19T10:50:57-08:00","2016-06-20T20:00:41-08:00","2016-06-19T10:43:43-08:00","2016-06-20T19:53:37-08:00",FALSE,2016-06-19 10:43:43,2016-06-20 19:53:37,1989.9,33.165
"153",25254,"12mtw030","12-MTW030_3","I-Incubating","NotApplicable","2012-07-12T15:59:09-08:00","2012-07-14T01:02:09-08:00","2012-07-12T18:06:51-08:00","2012-07-14T03:10:06-08:00",FALSE,2012-07-12 18:06:51,2012-07-14 03:10:06,1983.25,33.0541666666667
"154",21464,"11des015","11-DES015_1","I-Incubating","NotApplicable","2011-06-28T07:35:41-08:00","2011-06-29T16:27:11-08:00","2011-06-28T08:03:14-08:00","2011-06-29T16:54:59-08:00",FALSE,2011-06-28 08:03:14,2011-06-29 16:54:59,1971.75,32.8625
"155",27630,"22esw092","22-ESW092_1","I-Incubating","NotApplicable","2022-07-11T09:10:28-08:00","2022-07-12T17:25:21-08:00","2022-07-11T09:10:23-08:00","2022-07-12T17:25:26-08:00",FALSE,2022-07-11 09:10:23,2022-07-12 17:25:26,1935.05,32.2508333333333
"156",25416,"13deg030","13-DEG030_1","I-Incubating","NotApplicable","1999-12-31T15:00:10-09:00","2000-01-01T23:06:55-09:00","2013-07-02T02:20:28-08:00","2013-07-03T10:27:20-08:00",FALSE,2013-07-02 02:20:28,2013-07-03 10:27:20,1926.86666666667,32.1144444444444
"157",26259,"19noc017","19-NOC017_2","I-Incubating","NotApplicable","2019-07-04T05:16:20-08:00","2019-07-05T13:15:57-08:00","2019-07-04T05:16:15-08:00","2019-07-05T13:16:02-08:00",FALSE,2019-07-04 05:16:15,2019-07-05 13:16:02,1919.78333333333,31.9963888888889
"158",22530,"13emw016","13-EMW016_1","I-Incubating","NotApplicable","2013-07-08T04:24:19-08:00","2013-07-09T11:59:34-08:00","2013-07-08T03:17:00-08:00","2013-07-09T10:52:30-08:00",FALSE,2013-07-08 03:17:00,2013-07-09 10:52:30,1895.5,31.5916666666667
"159",27668,"23agc030","23-AGC030_1","I-Incubating","NotApplicable","2023-07-03T10:28:23-08:00","2023-07-04T17:52:07-08:00","2023-07-03T10:28:18-08:00","2023-07-04T17:52:12-08:00",FALSE,2023-07-03 10:28:18,2023-07-04 17:52:12,1883.9,31.3983333333333
"160",22482,"12jjn009","12-JJN009_2","I-Incubating","NotApplicable","2012-06-27T15:30:26-08:00","2012-06-28T22:53:26-08:00","2012-06-28T11:04:49-08:00","2012-06-29T18:28:04-08:00",FALSE,2012-06-28 11:04:49,2012-06-29 18:28:04,1883.25,31.3875
"161",25243,"12mtw030","12-MTW030_2","I-Incubating","NotApplicable","2012-07-08T05:23:10-08:00","2012-07-09T12:45:55-08:00","2012-07-08T06:44:52-08:00","2012-07-09T14:07:52-08:00",FALSE,2012-07-08 06:44:52,2012-07-09 14:07:52,1883,31.3833333333333
"162",27784,"23drs087","23-DRS087_1","I-Incubating","NotApplicable","2023-07-11T03:34:26-08:00","2023-07-12T10:54:13-08:00","2023-07-11T03:34:21-08:00","2023-07-12T10:54:18-08:00",FALSE,2023-07-11 03:34:21,2023-07-12 10:54:18,1879.95,31.3325
"163",22273,"12mtw013","12-MTW013_1","I-Incubating","NotApplicable","2012-06-25T01:07:27-08:00","2012-06-26T08:12:57-08:00","2012-06-25T07:18:06-08:00","2012-06-26T14:23:51-08:00",FALSE,2012-06-25 07:18:06,2012-06-26 14:23:51,1865.75,31.0958333333333
"164",27558,"23kwm086","23-KWM086_1","I-Incubating","NotApplicable","2023-07-11T09:49:59-08:00","2023-07-12T16:47:23-08:00","2023-07-11T09:49:54-08:00","2023-07-12T16:47:28-08:00",FALSE,2023-07-11 09:49:54,2023-07-12 16:47:28,1857.56666666667,30.9594444444444
"165",27958,"24akm052","24-AKM052_1","I-Incubating","NotApplicable","2024-07-12T03:38:00-08:00","2024-07-13T10:34:57-08:00","2024-07-12T03:37:55-08:00","2024-07-13T10:35:02-08:00",FALSE,2024-07-12 03:37:55,2024-07-13 10:35:02,1857.11666666667,30.9519444444444
"166",22485,"12jjn009","12-JJN009_3","I-Incubating","NotApplicable","2012-07-03T04:04:23-08:00","2012-07-04T10:34:53-08:00","2012-07-03T03:51:22-08:00","2012-07-04T10:22:07-08:00",FALSE,2012-07-03 03:51:22,2012-07-04 10:22:07,1830.75,30.5125
"167",27080,"22jam031","22-JAM031_1","I-Incubating","NotApplicable","2022-07-01T22:50:59-08:00","2022-07-03T05:15:05-08:00","2022-07-01T22:50:54-08:00","2022-07-03T05:15:10-08:00",FALSE,2022-07-01 22:50:54,2022-07-03 05:15:10,1824.26666666667,30.4044444444444
"168",22481,"12jjn009","12-JJN009_2","I-Incubating","NotApplicable","2012-06-26T08:52:56-08:00","2012-06-27T15:12:41-08:00","2012-06-27T04:27:19-08:00","2012-06-28T10:47:19-08:00",FALSE,2012-06-27 04:27:19,2012-06-28 10:47:19,1820,30.3333333333333
"169",25554,"14smh016","14-SMH016_2","I-Incubating","NotApplicable","2014-07-11T22:44:03-08:00","2014-07-13T05:00:03-08:00","2014-07-12T00:41:52-08:00","2014-07-13T06:58:07-08:00",FALSE,2014-07-12 00:41:52,2014-07-13 06:58:07,1816.25,30.2708333333333
"170",22466,"12keo001","12-KEO001_2","I-Incubating","NotApplicable","2012-06-27T10:30:15-08:00","2012-06-28T16:39:15-08:00","2012-06-28T05:39:07-08:00","2012-06-29T11:48:22-08:00",FALSE,2012-06-28 05:39:07,2012-06-29 11:48:22,1809.25,30.1541666666667
"171",25239,"12mtw030","12-MTW030_2","I-Incubating","NotApplicable","2012-07-04T19:54:55-08:00","2012-07-06T01:56:55-08:00","2012-07-04T21:16:37-08:00","2012-07-06T03:18:52-08:00",FALSE,2012-07-04 21:16:37,2012-07-06 03:18:52,1802.25,30.0375
"172",27074,"22esw041","22-ESW041_1","I-Incubating","NotApplicable","2022-07-08T05:02:44-08:00","2022-07-09T10:52:01-08:00","2022-07-08T05:02:39-08:00","2022-07-09T10:52:06-08:00",FALSE,2022-07-08 05:02:39,2022-07-09 10:52:06,1789.45,29.8241666666667
"173",25969,"19cht010","19-CHT010_2","I-Incubating","NotApplicable","2019-06-30T23:37:34-08:00","2019-07-02T05:11:51-08:00","2019-06-30T23:37:29-08:00","2019-07-02T05:11:56-08:00",FALSE,2019-06-30 23:37:29,2019-07-02 05:11:56,1774.45,29.5741666666667
"174",21447,"11caa001",NA,"I-Incubating","NotApplicable","2011-06-20T15:07:00-08:00","2011-06-21T20:40:30-08:00","2011-06-20T15:06:52-08:00","2011-06-21T20:40:37-08:00",FALSE,2011-06-20 15:06:52,2011-06-21 20:40:37,1773.75,29.5625
"175",25292,"12keo001","12-KEO001_3","I-Incubating","NotApplicable","2012-07-01T01:48:00-08:00","2012-07-02T07:08:30-08:00","2012-07-01T01:50:15-08:00","2012-07-02T07:10:53-08:00",FALSE,2012-07-01 01:50:15,2012-07-02 07:10:53,1760.63333333333,29.3438888888889
"176",25528,"14mwm015","14-MWM015_1","I-Incubating","NotApplicable","2014-07-08T02:03:00-08:00","2014-07-09T07:12:15-08:00","2014-07-08T05:03:37-08:00","2014-07-09T10:13:00-08:00",FALSE,2014-07-08 05:03:37,2014-07-09 10:13:00,1749.38333333333,29.1563888888889
"177",25375,"13emw016","13-EMW016_2","I-Incubating","NotApplicable","2013-07-11T08:42:06-08:00","2013-07-12T13:37:36-08:00","2013-07-11T07:34:55-08:00","2013-07-12T12:30:32-08:00",FALSE,2013-07-11 07:34:55,2013-07-12 12:30:32,1735.61666666667,28.9269444444444
"178",21468,"11des015","11-DES015_2","I-Incubating","NotApplicable","2011-07-03T05:47:20-08:00","2011-07-04T10:32:20-08:00","2011-07-03T06:14:53-08:00","2011-07-04T11:00:08-08:00",FALSE,2011-07-03 06:14:53,2011-07-04 11:00:08,1725.25,28.7541666666667
"179",27772,"23drs087","23-DRS087_1","I-Incubating","NotApplicable","2023-07-04T04:01:46-08:00","2023-07-05T08:39:54-08:00","2023-07-04T04:01:46-08:00","2023-07-05T08:39:59-08:00",FALSE,2023-07-04 04:01:46,2023-07-05 08:39:59,1718.21666666667,28.6369444444444
"180",23174,"16map028","16-MAP028_2","I-Incubating","NotApplicable","2016-07-05T06:13:15-08:00","2016-07-06T10:15:30-08:00","2016-07-05T06:13:07-08:00","2016-07-06T10:15:37-08:00",FALSE,2016-07-05 06:13:07,2016-07-06 10:15:37,1682.5,28.0416666666667
"181",25301,"12keo001","12-KEO001_5","I-Incubating","NotApplicable","2012-07-09T02:01:00-08:00","2012-07-10T05:59:00-08:00","2012-07-09T02:00:00-08:00","2012-07-10T05:58:07-08:00",FALSE,2012-07-09 02:00:00,2012-07-10 05:58:07,1678.11666666667,27.9686111111111
"182",22719,"15ery012","15-ERY012_1","I-Incubating","NotApplicable","2015-06-27T05:43:15-08:00","2015-06-28T09:40:45-08:00","2015-06-27T05:43:07-08:00","2015-06-28T09:40:52-08:00",FALSE,2015-06-27 05:43:07,2015-06-28 09:40:52,1677.75,27.9625
"183",21466,"11des015","11-DES015_1","I-Incubating","NotApplicable","2011-06-30T05:42:41-08:00","2011-07-01T09:35:41-08:00","2011-06-30T06:10:14-08:00","2011-07-01T10:03:29-08:00",FALSE,2011-06-30 06:10:14,2011-07-01 10:03:29,1673.25,27.8875
"184",22628,"13deg030","13-DEG030_1","I-Incubating","NotApplicable","2000-01-02T20:47:10-09:00","2000-01-04T00:33:10-09:00","2013-07-04T08:07:20-08:00","2013-07-05T11:53:35-08:00",FALSE,2013-07-04 08:07:20,2013-07-05 11:53:35,1666.25,27.7708333333333
"185",27230,"22esw041","22-ESW041_2","I-Incubating","NotApplicable","2022-07-10T08:05:48-08:00","2022-07-11T11:49:26-08:00","2022-07-10T08:05:48-08:00","2022-07-11T11:49:31-08:00",FALSE,2022-07-10 08:05:48,2022-07-11 11:49:31,1663.71666666667,27.7286111111111
"186",25059,"14eeu038","14-EEU038_2","I-Incubating","NotApplicable","1999-12-31T15:30:56-09:00","2000-01-01T19:10:26-09:00","2014-07-11T04:53:07-08:00","2014-07-12T08:32:52-08:00",FALSE,2014-07-11 04:53:07,2014-07-12 08:32:52,1659.75,27.6625
"187",27439,"23jls040","23-JLS040_1","I-Incubating","NotApplicable","2023-07-10T03:48:28-08:00","2023-07-11T07:26:55-08:00","2023-07-10T03:48:23-08:00","2023-07-11T07:27:00-08:00",FALSE,2023-07-10 03:48:23,2023-07-11 07:27:00,1658.61666666667,27.6436111111111
"188",27453,"23jan134","23-JAN134_1","I-Incubating","NotApplicable","2023-07-06T05:10:27-08:00","2023-07-07T08:40:04-08:00","2023-07-06T05:10:17-08:00","2023-07-07T08:40:09-08:00",FALSE,2023-07-06 05:10:17,2023-07-07 08:40:09,1649.86666666667,27.4977777777778
"189",25061,"14eeu038","14-EEU038_2","I-Incubating","NotApplicable","2000-01-01T19:41:11-09:00","2000-01-02T23:08:11-09:00","2014-07-12T09:03:22-08:00","2014-07-13T12:30:37-08:00",FALSE,2014-07-12 09:03:22,2014-07-13 12:30:37,1647.25,27.4541666666667
"190",22634,"13deg030","13-DEG030_2","I-Incubating","NotApplicable","2000-01-01T04:33:34-09:00","2000-01-02T08:00:04-09:00","2013-07-08T03:48:35-08:00","2013-07-09T07:15:20-08:00",FALSE,2013-07-08 03:48:35,2013-07-09 07:15:20,1646.75,27.4458333333333
"191",25294,"12keo001","12-KEO001_3","I-Incubating","NotApplicable","2012-07-03T00:53:15-08:00","2012-07-04T04:12:45-08:00","2012-07-03T00:55:23-08:00","2012-07-04T04:15:08-08:00",FALSE,2012-07-03 00:55:23,2012-07-04 04:15:08,1639.75,27.3291666666667
"192",25170,"14mwm054","14-MWM054_2","I-Incubating","NotApplicable","2014-07-08T05:57:06-08:00","2014-07-09T09:15:36-08:00","2014-07-08T09:42:22-08:00","2014-07-09T13:01:07-08:00",FALSE,2014-07-08 09:42:22,2014-07-09 13:01:07,1638.75,27.3125
"193",28080,"24mle091","24-MLE091_1","I-Incubating","NotApplicable","2024-07-04T03:46:31-08:00","2024-07-05T07:03:48-08:00","2024-07-04T03:46:26-08:00","2024-07-05T07:03:53-08:00",FALSE,2024-07-04 03:46:26,2024-07-05 07:03:53,1637.45,27.2908333333333
"194",26913,"19cht010","19-CHT010_3","I-Incubating","NotApplicable","2019-07-06T02:27:11-08:00","2019-07-07T05:37:38-08:00","2019-07-06T02:27:06-08:00","2019-07-07T05:37:38-08:00",FALSE,2019-07-06 02:27:06,2019-07-07 05:37:38,1630.53333333333,27.1755555555556
"195",26226,"19cht036","19-CHT036_1","I-Incubating","NotApplicable","2019-07-05T02:43:28-08:00","2019-07-06T05:43:45-08:00","2019-07-05T02:46:52-08:00","2019-07-06T05:47:19-08:00",FALSE,2019-07-05 02:46:52,2019-07-06 05:47:19,1620.45,27.0075
"196",26183,"19cht024","19-CHT024_1","I-Incubating","NotApplicable","2019-07-04T05:21:36-08:00","2019-07-05T08:21:43-08:00","2019-07-04T05:27:49-08:00","2019-07-05T08:28:06-08:00",FALSE,2019-07-04 05:27:49,2019-07-05 08:28:06,1620.28333333333,27.0047222222222
"197",23109,"16fox002","16-FOX002_1","I-Incubating","NotApplicable","2016-06-15T04:34:00-08:00","2016-06-16T07:28:45-08:00","2016-06-15T04:30:19-08:00","2016-06-16T07:25:11-08:00",FALSE,2016-06-15 04:30:19,2016-06-16 07:25:11,1614.86666666667,26.9144444444444
"198",27983,"24cam058","24-CAM058_1","I-Incubating","NotApplicable","2024-07-19T03:25:48-08:00","2024-07-20T06:15:25-08:00","2024-07-19T03:25:43-08:00","2024-07-20T06:15:30-08:00",FALSE,2024-07-19 03:25:43,2024-07-20 06:15:30,1609.78333333333,26.8297222222222
"199",25412,"13crg028","13-CRG028_1","I-Incubating","NotApplicable","2013-07-03T04:15:00-08:00","2013-07-04T06:55:00-08:00","2013-07-03T04:16:43-08:00","2013-07-04T06:56:50-08:00",FALSE,2013-07-03 04:16:43,2013-07-04 06:56:50,1600.11666666667,26.6686111111111
"200",27082,"22jam031","22-JAM031_1","I-Incubating","NotApplicable","2022-07-03T05:31:15-08:00","2022-07-04T08:09:12-08:00","2022-07-03T05:31:10-08:00","2022-07-04T08:09:17-08:00",FALSE,2022-07-03 05:31:10,2022-07-04 08:09:17,1598.11666666667,26.6352777777778
"201",23026,"15sot010","15-SOT010_2","I-Incubating","NotApplicable","2015-07-05T10:50:45-08:00","2015-07-06T13:27:30-08:00","2015-07-05T10:50:37-08:00","2015-07-06T13:27:30-08:00",FALSE,2015-07-05 10:50:37,2015-07-06 13:27:30,1596.88333333333,26.6147222222222
"202",27517,"23hec144","23-HEC144_1","I-Incubating","NotApplicable","2023-07-09T09:14:55-08:00","2023-07-10T11:36:02-08:00","2023-07-09T09:14:50-08:00","2023-07-10T11:36:07-08:00",FALSE,2023-07-09 09:14:50,2023-07-10 11:36:07,1581.28333333333,26.3547222222222
"203",22509,"12rrg007","12-RRG007_3","I-Incubating","NotApplicable","2012-07-05T04:31:10-08:00","2012-07-06T06:51:25-08:00","2012-07-05T06:35:51-08:00","2012-07-06T08:56:21-08:00",FALSE,2012-07-05 06:35:51,2012-07-06 08:56:21,1580.5,26.3416666666667
"204",27658,"23agc030","23-AGC030_1","I-Incubating","NotApplicable","2023-06-29T07:32:47-08:00","2023-06-30T09:52:03-08:00","2023-06-29T07:32:42-08:00","2023-06-30T09:52:08-08:00",FALSE,2023-06-29 07:32:42,2023-06-30 09:52:08,1579.43333333333,26.3238888888889
"205",27985,"24cam058","24-CAM058_1","I-Incubating","NotApplicable","2024-07-20T06:21:25-08:00","2024-07-21T08:37:22-08:00","2024-07-20T06:21:20-08:00","2024-07-21T08:37:27-08:00",FALSE,2024-07-20 06:21:20,2024-07-21 08:37:27,1576.11666666667,26.2686111111111
"206",26214,"19cht036","19-CHT036_1","I-Incubating","NotApplicable","2019-07-02T08:02:27-08:00","2019-07-03T10:15:34-08:00","2019-07-02T08:05:51-08:00","2019-07-03T10:19:08-08:00",FALSE,2019-07-02 08:05:51,2019-07-03 10:19:08,1573.28333333333,26.2213888888889
"207",25957,"11est009","11-EST009_2","I-Incubating","NotApplicable","2011-06-30T23:07:50-08:00","2011-07-02T01:19:35-08:00","2011-06-30T23:25:02-08:00","2011-07-02T01:36:55-08:00",FALSE,2011-06-30 23:25:02,2011-07-02 01:36:55,1571.88333333333,26.1980555555556
"208",27994,"24jan015","24-JAN015_1","I-Incubating","NotApplicable","2024-06-21T05:52:41-08:00","2024-06-22T08:02:18-08:00","2024-06-21T05:52:36-08:00","2024-06-22T08:02:23-08:00",FALSE,2024-06-21 05:52:36,2024-06-22 08:02:23,1569.78333333333,26.1630555555556
"209",22303,"12mtw040","12-MTW040_1","I-Incubating","NotApplicable","2012-07-01T06:36:40-08:00","2012-07-02T08:46:10-08:00","2012-07-01T06:47:17-08:00","2012-07-02T08:57:02-08:00",FALSE,2012-07-01 06:47:17,2012-07-02 08:57:02,1569.75,26.1625
"210",27729,"23drs084","23-DRS084_1","I-Incubating","NotApplicable","2023-07-06T09:46:53-08:00","2023-07-07T11:49:40-08:00","2023-07-06T09:46:48-08:00","2023-07-07T11:49:45-08:00",FALSE,2023-07-06 09:46:48,2023-07-07 11:49:45,1562.95,26.0491666666667
"211",25207,"14mwm015","14-MWM015_2","I-Incubating","NotApplicable","2014-07-09T16:59:30-08:00","2014-07-10T18:56:30-08:00","2014-07-09T23:47:00-08:00","2014-07-11T01:44:15-08:00",FALSE,2014-07-09 23:47:00,2014-07-11 01:44:15,1557.25,25.9541666666667
"212",27034,"15qmb003","15-QMB003_1","I-Incubating","NotApplicable","2015-06-30T04:00:00-08:00","2015-07-01T05:56:15-08:00","2015-06-30T03:46:00-08:00","2015-07-01T05:42:22-08:00",FALSE,2015-06-30 03:46:00,2015-07-01 05:42:22,1556.36666666667,25.9394444444444
"213",21457,"11caa001",NA,"I-Incubating","NotApplicable","2011-06-28T20:44:15-08:00","2011-06-29T22:39:45-08:00","2011-06-28T20:44:07-08:00","2011-06-29T22:39:52-08:00",FALSE,2011-06-28 20:44:07,2011-06-29 22:39:52,1555.75,25.9291666666667
"214",23045,"16dlc007","16-DLC007_1","I-Incubating","NotApplicable","2016-06-24T02:55:15-08:00","2016-06-25T04:46:00-08:00","2016-06-24T02:55:07-08:00","2016-06-25T04:46:07-08:00",FALSE,2016-06-24 02:55:07,2016-06-25 04:46:07,1551,25.85
"215",23025,"15sot010","15-SOT010_1","I-Incubating","NotApplicable","2015-07-04T05:45:30-08:00","2015-07-05T07:33:15-08:00","2015-07-04T05:45:22-08:00","2015-07-05T07:33:15-08:00",FALSE,2015-07-04 05:45:22,2015-07-05 07:33:15,1547.88333333333,25.7980555555556
"216",21453,"11caa001",NA,"I-Incubating","NotApplicable","2011-06-26T02:22:30-08:00","2011-06-27T04:07:30-08:00","2011-06-26T02:22:22-08:00","2011-06-27T04:07:37-08:00",FALSE,2011-06-26 02:22:22,2011-06-27 04:07:37,1545.25,25.7541666666667
"217",21461,"11caa001",NA,"I-Incubating","NotApplicable","2011-07-05T13:29:15-08:00","2011-07-06T15:11:45-08:00","2011-07-05T13:29:07-08:00","2011-07-06T15:11:52-08:00",FALSE,2011-07-05 13:29:07,2011-07-06 15:11:52,1542.75,25.7125
"218",22505,"12rrg007","12-RRG007_2","I-Incubating","NotApplicable","2012-06-30T04:49:40-08:00","2012-07-01T06:31:55-08:00","2012-06-30T05:15:21-08:00","2012-07-01T06:57:51-08:00",FALSE,2012-06-30 05:15:21,2012-07-01 06:57:51,1542.5,25.7083333333333
"219",26199,"19cht024","19-CHT024_2","I-Incubating","NotApplicable","2019-07-09T05:59:57-08:00","2019-07-10T07:42:04-08:00","2019-07-09T06:06:10-08:00","2019-07-10T07:48:27-08:00",FALSE,2019-07-09 06:06:10,2019-07-10 07:48:27,1542.28333333333,25.7047222222222
"220",27621,"22esw092","22-ESW092_1","I-Incubating","NotApplicable","2022-07-08T05:53:17-08:00","2022-07-09T07:34:04-08:00","2022-07-08T05:53:12-08:00","2022-07-09T07:34:09-08:00",FALSE,2022-07-08 05:53:12,2022-07-09 07:34:09,1540.95,25.6825
"221",27705,"23agc031","23-AGC031_1","I-Incubating","NotApplicable","2023-07-05T06:19:48-08:00","2023-07-06T08:00:35-08:00","2023-07-05T06:19:43-08:00","2023-07-06T08:00:40-08:00",FALSE,2023-07-05 06:19:43,2023-07-06 08:00:40,1540.95,25.6825
"222",22465,"12keo001","12-KEO001_1","I-Incubating","NotApplicable","2012-06-25T07:33:30-08:00","2012-06-26T09:14:00-08:00","2012-06-25T07:42:58-08:00","2012-06-26T09:23:36-08:00",FALSE,2012-06-25 07:42:58,2012-06-26 09:23:36,1540.63333333333,25.6772222222222
"223",27800,"23drs088","23-DRS088_1","I-Incubating","NotApplicable","2023-07-14T09:11:43-08:00","2023-07-15T10:45:10-08:00","2023-07-14T09:11:38-08:00","2023-07-15T10:45:15-08:00",FALSE,2023-07-14 09:11:38,2023-07-15 10:45:15,1533.61666666667,25.5602777777778
"224",25715,"16fox002","16-FOX002_1","I-Incubating","NotApplicable","2016-06-16T07:44:00-08:00","2016-06-17T09:05:15-08:00","2016-06-16T07:40:11-08:00","2016-06-17T09:01:41-08:00",FALSE,2016-06-16 07:40:11,2016-06-17 09:01:41,1521.5,25.3583333333333
"225",22307,"12mtw040","12-MTW040_2","I-Incubating","NotApplicable","2012-07-08T23:40:48-08:00","2012-07-10T00:59:48-08:00","2012-07-09T00:03:25-08:00","2012-07-10T01:22:40-08:00",FALSE,2012-07-09 00:03:25,2012-07-10 01:22:40,1519.25,25.3208333333333
"226",22488,"12jjn009","12-JJN009_4","I-Incubating","NotApplicable","2012-07-06T03:03:55-08:00","2012-07-07T04:22:40-08:00","2012-07-06T06:03:37-08:00","2012-07-07T07:22:37-08:00",FALSE,2012-07-06 06:03:37,2012-07-07 07:22:37,1519,25.3166666666667
"227",21810,"11mcz010",NA,"I-Incubating","NotApplicable","2011-07-05T14:42:11-08:00","2011-07-06T15:58:56-08:00","2011-07-05T14:42:03-08:00","2011-07-06T15:59:03-08:00",FALSE,2011-07-05 14:42:03,2011-07-06 15:59:03,1517,25.2833333333333
"228",28078,"24mle091","24-MLE091_1","I-Incubating","NotApplicable","2024-07-03T02:21:34-08:00","2024-07-04T03:31:31-08:00","2024-07-03T02:21:29-08:00","2024-07-04T03:31:36-08:00",FALSE,2024-07-03 02:21:29,2024-07-04 03:31:36,1510.11666666667,25.1686111111111
"229",22978,"15nrg022","15-NRG022_1","I-Incubating","NotApplicable","2000-01-01T17:51:43-09:00","2000-01-02T19:00:28-09:00","2015-07-01T08:50:57-08:00","2015-07-02T09:59:57-08:00",FALSE,2015-07-01 08:50:57,2015-07-02 09:59:57,1509,25.15
"230",21811,"11mcz010",NA,"I-Incubating","NotApplicable","2011-07-06T16:09:26-08:00","2011-07-07T17:15:11-08:00","2011-07-06T16:09:18-08:00","2011-07-07T17:15:18-08:00",FALSE,2011-07-06 16:09:18,2011-07-07 17:15:18,1506,25.1
"231",22504,"12rrg007","12-RRG007_2","I-Incubating","NotApplicable","2012-06-29T03:37:55-08:00","2012-06-30T04:35:25-08:00","2012-06-29T04:03:36-08:00","2012-06-30T05:01:21-08:00",FALSE,2012-06-29 04:03:36,2012-06-30 05:01:21,1497.75,24.9625
"232",27945,"24akm052","24-AKM052_1","I-Incubating","NotApplicable","2024-07-03T06:04:07-08:00","2024-07-04T06:59:04-08:00","2024-07-03T06:04:07-08:00","2024-07-04T06:59:09-08:00",FALSE,2024-07-03 06:04:07,2024-07-04 06:59:09,1495.03333333333,24.9172222222222
"233",28051,"24jan109","24-JAN109_1","I-Incubating","NotApplicable","2024-07-11T07:36:01-08:00","2024-07-12T08:30:48-08:00","2024-07-11T07:35:56-08:00","2024-07-12T08:30:53-08:00",FALSE,2024-07-11 07:35:56,2024-07-12 08:30:53,1494.95,24.9158333333333
"234",25065,"14eeu038","14-EEU038_3","I-Incubating","NotApplicable","1999-12-31T17:11:55-09:00","2000-01-01T17:59:10-09:00","2014-07-17T08:16:53-08:00","2014-07-18T09:04:23-08:00",FALSE,2014-07-17 08:16:53,2014-07-18 09:04:23,1487.5,24.7916666666667
"235",22508,"12rrg007","12-RRG007_3","I-Incubating","NotApplicable","2012-07-04T03:31:10-08:00","2012-07-05T04:18:10-08:00","2012-07-04T05:35:51-08:00","2012-07-05T06:23:06-08:00",FALSE,2012-07-04 05:35:51,2012-07-05 06:23:06,1487.25,24.7875
"236",23090,"16fox002","16-FOX002_2","I-Incubating","NotApplicable","2016-06-25T09:22:15-08:00","2016-06-26T10:08:00-08:00","2016-06-25T09:18:26-08:00","2016-06-26T10:04:26-08:00",FALSE,2016-06-25 09:18:26,2016-06-26 10:04:26,1486,24.7666666666667
"237",22308,"12mtw040","12-MTW040_2","I-Incubating","NotApplicable","2012-07-10T23:52:48-08:00","2012-07-12T00:37:33-08:00","2012-07-11T00:15:25-08:00","2012-07-12T01:00:25-08:00",FALSE,2012-07-11 00:15:25,2012-07-12 01:00:25,1485,24.75
"238",25175,"14smh016","14-SMH016_1","I-Incubating","NotApplicable","2014-07-05T03:19:50-08:00","2014-07-06T03:59:20-08:00","2014-07-05T05:17:39-08:00","2014-07-06T05:57:24-08:00",FALSE,2014-07-05 05:17:39,2014-07-06 05:57:24,1479.75,24.6625
"239",23055,"16dlc007","16-DLC007_2","I-Incubating","NotApplicable","2016-06-29T10:40:15-08:00","2016-06-30T11:14:00-08:00","2016-06-29T10:40:07-08:00","2016-06-30T11:14:07-08:00",FALSE,2016-06-29 10:40:07,2016-06-30 11:14:07,1474,24.5666666666667
"240",25192,"14mtw053","14-MTW053_4","I-Incubating","NotApplicable","2014-07-11T07:06:15-08:00","2014-07-12T07:38:45-08:00","2014-07-11T07:06:07-08:00","2014-07-12T07:38:52-08:00",FALSE,2014-07-11 07:06:07,2014-07-12 07:38:52,1472.75,24.5458333333333
"241",26193,"19cht024","19-CHT024_1","I-Incubating","NotApplicable","2019-07-08T04:43:13-08:00","2019-07-09T05:14:30-08:00","2019-07-08T04:49:26-08:00","2019-07-09T05:21:01-08:00",FALSE,2019-07-08 04:49:26,2019-07-09 05:21:01,1471.58333333333,24.5263888888889
"242",27402,"23lsc014","23-LSC014_1","I-Incubating","NotApplicable","2023-06-28T05:42:52-08:00","2023-06-29T06:13:19-08:00","2023-06-28T05:42:47-08:00","2023-06-29T06:13:24-08:00",FALSE,2023-06-28 05:42:47,2023-06-29 06:13:24,1470.61666666667,24.5102777777778
"243",27247,"22nrg021","22-NRG021_2","I-Incubating","NotApplicable","2022-07-13T05:03:09-08:00","2022-07-14T05:33:16-08:00","2022-07-13T05:03:04-08:00","2022-07-14T05:33:21-08:00",FALSE,2022-07-13 05:03:04,2022-07-14 05:33:21,1470.28333333333,24.5047222222222
"244",25176,"14smh016","14-SMH016_1","I-Incubating","NotApplicable","2014-07-06T04:01:55-08:00","2014-07-07T04:31:50-08:00","2014-07-06T05:59:49-08:00","2014-07-07T06:29:54-08:00",FALSE,2014-07-06 05:59:49,2014-07-07 06:29:54,1470.08333333333,24.5013888888889
"245",21478,"11des015","11-DES015_3","I-Incubating","NotApplicable","2011-07-10T07:07:28-08:00","2011-07-11T07:36:13-08:00","2011-07-10T07:35:01-08:00","2011-07-11T08:03:54-08:00",FALSE,2011-07-10 07:35:01,2011-07-11 08:03:54,1468.88333333333,24.4813888888889
"246",25974,"19cht010","19-CHT010_3","I-Incubating","NotApplicable","2019-07-04T06:45:37-08:00","2019-07-05T07:13:54-08:00","2019-07-04T06:45:32-08:00","2019-07-05T07:13:59-08:00",FALSE,2019-07-04 06:45:32,2019-07-05 07:13:59,1468.45,24.4741666666667
"247",26181,"19cht024","19-CHT024_1","I-Incubating","NotApplicable","2019-07-03T04:38:39-08:00","2019-07-04T05:04:26-08:00","2019-07-03T04:44:52-08:00","2019-07-04T05:10:49-08:00",FALSE,2019-07-03 04:44:52,2019-07-04 05:10:49,1465.95,24.4325
"248",27234,"22esw041","22-ESW041_2","I-Incubating","NotApplicable","2022-07-13T11:07:20-08:00","2022-07-14T11:30:57-08:00","2022-07-13T11:07:15-08:00","2022-07-14T11:31:02-08:00",FALSE,2022-07-13 11:07:15,2022-07-14 11:31:02,1463.78333333333,24.3963888888889
"249",25527,"14mwm015","14-MWM015_1","I-Incubating","NotApplicable","2014-07-04T02:21:00-08:00","2014-07-05T02:43:15-08:00","2014-07-04T05:21:45-08:00","2014-07-05T05:44:07-08:00",FALSE,2014-07-04 05:21:45,2014-07-05 05:44:07,1462.36666666667,24.3727777777778
"250",27471,"23jan116","23-JAN116_1","I-Incubating","NotApplicable","2023-07-10T07:27:34-08:00","2023-07-11T07:49:41-08:00","2023-07-10T07:27:29-08:00","2023-07-11T07:49:46-08:00",FALSE,2023-07-10 07:27:29,2023-07-11 07:49:46,1462.28333333333,24.3713888888889
"251",21806,"11mcz010",NA,"I-Incubating","NotApplicable","2011-06-28T13:58:14-08:00","2011-06-29T14:18:11-08:00","2011-06-28T13:58:06-08:00","2011-06-29T14:18:18-08:00",FALSE,2011-06-28 13:58:06,2011-06-29 14:18:18,1460.2,24.3366666666667
"252",25187,"14mtw053","14-MTW053_3","I-Incubating","NotApplicable","2014-07-09T05:53:00-08:00","2014-07-10T06:08:30-08:00","2014-07-09T05:52:52-08:00","2014-07-10T06:08:37-08:00",FALSE,2014-07-09 05:52:52,2014-07-10 06:08:37,1455.75,24.2625
"253",28122,"25cbp038","25-CBP038","I-Incubating","NotApplicable","2025-07-07T08:10:23-08:00","2025-07-08T08:16:40-08:00","2025-07-07T08:10:18-08:00","2025-07-08T08:16:45-08:00",FALSE,2025-07-07 08:10:18,2025-07-08 08:16:45,1446.45,24.1075
"254",28047,"24jan109","24-JAN109_1","I-Incubating","NotApplicable","2024-07-10T06:56:54-08:00","2024-07-11T07:01:41-08:00","2024-07-10T06:56:49-08:00","2024-07-11T07:01:46-08:00",FALSE,2024-07-10 06:56:49,2024-07-11 07:01:46,1444.95,24.0825
"255",27987,"24cam058","24-CAM058_1","I-Incubating","NotApplicable","2024-07-21T08:43:42-08:00","2024-07-22T08:48:09-08:00","2024-07-21T08:43:37-08:00","2024-07-22T08:48:14-08:00",FALSE,2024-07-21 08:43:37,2024-07-22 08:48:14,1444.61666666667,24.0769444444444
